Gender,Age,Salary,Family members,Insurance benefits
1,41,49600,1,0
0,46,38000,1,1
0,29,21000,0,0
0,21,41700,2,0
1,28,26100,0,0
1,43,41000,2,1
1,39,39700,2,0
1,25,38600,4,0
1,36,49700,1,0
1,32,51700,1,0
1,25,36600,1,0
1,38,29300,0,0
0,23,39500,3,0
0,21,55000,0,0
0,40,43700,1,0
1,34,23300,0,0
1,26,48900,2,0
1,41,33200,2,0
1,42,49700,0,1
1,27,36900,0,0
1,38,43500,1,0
1,36,36100,1,0
0,41,26600,0,0
0,33,48700,2,0
0,21,40400,3,0
1,47,38400,3,1
1,25,34600,1,0
1,30,34800,1,0
1,19,36800,0,0
0,21,42200,2,0
0,25,46300,0,0
1,40,30300,0,0
1,30,51000,2,0
0,31,28100,0,0
0,19,64800,2,0
1,27,30400,0,0
1,22,45300,2,0
0,27,38300,0,0
1,31,49500,1,0
1,33,19400,1,0
1,42,40200,0,1
1,39,31700,1,0
1,42,69200,0,1
0,20,33100,1,0
0,30,31600,2,0
0,24,30400,1,0
0,26,34500,1,0
0,42,38700,1,1
1,25,33100,1,0
0,28,36600,1,0
1,28,39600,0,0
0,30,38600,2,0
1,29,42400,0,0
1,34,34600,0,0
1,42,28100,2,0
0,46,34900,1,1
0,19,30500,0,0
0,31,48900,0,0
1,20,24200,3,0
1,30,49900,1,0
0,28,14300,1,0
0,38,47000,1,0
1,23,44800,1,0
0,32,43800,1,0
0,27,42700,3,0
1,18,35400,2,0
1,43,57200,4,1
1,37,29600,2,0
1,20,37400,2,0
1,39,48100,1,0
1,42,33700,1,1
0,40,61800,1,0
0,40,39400,1,0
1,32,15600,2,0
1,24,47000,3,0
0,48,49500,0,1
0,37,52600,0,0
1,40,37600,2,0
0,43,34900,0,1
1,29,52500,3,0
1,41,32700,0,0
1,29,51600,1,0
0,31,37400,2,0
1,37,60900,2,0
0,26,41800,1,0
0,25,47400,2,0
0,45,26500,2,1
0,28,45900,0,0
1,24,33100,1,0
0,44,45300,0,1
1,23,35700,2,0
1,36,34300,2,0
1,25,26700,1,0
1,20,25700,4,0
0,32,33300,0,0
1,52,31100,0,2
0,23,43700,0,0
1,23,31500,1,0
1,38,33100,1,0
0,37,42100,2,0
0,19,37300,1,0
0,49,42500,1,2
1,43,27300,0,1
0,27,46800,2,0
0,24,33500,1,0
1,35,44300,0,0
1,45,41600,2,1
1,24,53900,2,0
1,39,40100,2,0
1,20,44600,1,0
1,39,36600,1,0
0,30,45900,2,0
1,25,45000,1,0
0,25,32000,0,0
0,40,38200,3,0
1,23,33000,1,0
1,28,38500,0,0
1,52,32000,0,2
1,27,51800,0,0
0,22,33800,1,0
1,24,46400,2,0
1,19,43200,1,0
0,40,31800,3,0
1,27,38000,5,0
1,43,50200,1,1
1,40,35100,1,0
0,35,30700,1,0
0,28,30300,0,0
0,20,39400,1,0
0,33,45800,1,0
0,21,49300,0,0
0,23,42800,2,0
1,33,33600,3,0
1,40,50300,1,0
1,41,34000,1,0
0,19,40200,0,0
0,36,41700,1,0
1,38,36400,0,0
1,25,44900,0,0
0,18,39500,0,0
0,30,43600,1,0
1,21,34900,2,0
0,22,38000,2,0
0,40,54600,1,0
0,25,52800,2,0
1,41,33200,3,0
0,24,25700,1,0
1,27,29700,3,0
0,28,39000,1,0
0,20,44100,1,0
1,21,31900,1,0
1,19,29300,0,0
0,26,37700,3,0
0,20,35200,1,0
0,36,43100,0,0
1,28,51300,0,0
1,21,47500,2,0
1,22,40800,0,0
0,26,26800,2,0
1,19,64900,2,0
0,32,35900,3,0
0,41,31200,2,0
0,32,39900,2,0
0,31,43200,3,0
1,22,43300,1,0
1,33,35400,2,0
1,33,33900,2,0
1,35,44900,2,0
0,30,37300,0,0
1,38,40700,1,0
1,37,54600,1,0
0,32,33600,0,0
1,22,44700,2,0
1,31,53400,0,0
1,33,52500,0,0
0,33,30600,2,0
1,41,48900,0,0
1,56,56000,0,3
1,35,37300,1,0
0,27,35600,1,0
0,19,55200,1,0
0,45,40600,0,1
1,25,46400,1,0
0,18,48300,2,0
0,23,39900,2,0
1,37,26700,1,0
0,22,50800,0,0
1,31,43600,0,0
0,29,37400,3,0
0,39,41200,0,0
1,18,44200,1,0
1,38,44400,0,0
0,21,37600,1,0
0,23,43600,0,0
1,34,36600,1,0
0,31,40500,2,0
0,18,39800,4,0
0,45,16600,2,1
0,27,48400,2,0
1,21,25100,0,0
1,36,23100,1,0
0,22,32100,0,0
0,24,31000,2,0
1,31,42900,1,0
0,26,46700,0,0
0,25,45000,0,0
1,36,26000,1,0
0,34,55900,2,0
1,40,52000,3,0
0,22,40100,1,0
1,25,41500,1,0
0,33,39900,1,0
1,29,49400,0,0
1,43,60300,0,1
0,32,55000,2,0
1,25,48700,3,0
0,32,42200,1,0
1,29,45600,1,0
0,29,38500,0,0
0,29,49900,2,0
0,29,33700,2,0
0,44,35100,2,1
0,45,49000,0,1
1,34,37500,1,0
0,29,21900,0,0
0,36,45100,1,0
1,23,47900,0,0
0,28,54300,1,0
1,65,39700,1,5
1,33,32400,2,0
0,35,30700,0,0
0,35,41300,2,0
0,24,44500,1,0
0,20,23200,1,0
0,49,27300,0,2
0,55,35900,1,3
0,36,37900,0,0
0,28,48000,2,0
1,32,52800,1,0
1,26,44200,0,0
1,31,41500,0,0
1,27,32400,1,0
0,27,36800,2,0
0,19,36900,1,0
0,29,47000,5,0
1,25,52100,2,0
1,27,39500,1,0
1,41,33800,1,0
0,31,49400,1,0
1,40,45300,5,0
0,26,44700,2,0
1,23,45700,1,0
1,33,26500,1,0
1,19,47000,1,0
0,32,29900,1,0
0,23,42800,0,0
0,57,28100,2,3
0,37,52500,3,0
0,33,42600,0,0
0,29,38400,2,0
1,42,46700,0,1
1,29,45200,1,0
1,34,46800,2,0
0,43,36000,1,1
1,46,46500,1,1
0,39,23800,1,0
1,38,30200,0,0
0,36,40200,0,0
0,20,50200,3,0
1,34,24400,1,0
1,36,39600,0,0
0,25,44500,1,0
0,38,32800,1,0
1,39,29000,3,0
0,25,43400,0,0
0,35,48700,1,0
1,35,51500,1,0
1,32,43200,0,0
1,34,39900,1,0
0,23,34600,3,0
1,32,36000,0,0
1,39,48100,1,0
1,21,61700,0,0
1,37,45400,0,0
1,23,50700,0,0
0,43,36200,2,1
0,39,36000,0,0
0,27,41900,1,0
0,34,49400,1,0
1,26,52500,0,0
1,22,27900,0,0
0,27,31200,0,0
0,32,47200,1,0
0,23,48800,2,0
1,26,40100,2,0
0,23,33300,2,0
1,26,40600,4,0
1,19,55100,0,0
0,20,48200,1,0
0,39,43500,3,0
0,44,47900,2,1
1,23,27300,1,0
0,29,42500,1,0
1,28,36900,1,0
0,20,48000,2,0
1,27,47500,3,0
0,25,35500,0,0
1,37,33700,4,0
1,25,44600,1,0
0,29,35000,1,0
0,36,29000,0,0
1,42,43900,1,1
1,33,43700,2,0
0,25,32700,1,0
0,25,41000,2,0
0,34,40000,1,0
1,37,22000,2,0
0,20,39800,2,0
0,41,38400,1,0
1,23,33100,0,0
0,36,40300,5,0
0,23,35200,1,0
1,24,44600,1,0
0,20,52000,1,0
1,35,42500,0,0
0,30,47900,4,0
1,46,36300,0,1
0,29,47900,2,0
0,44,49800,1,1
0,42,39500,2,0
1,36,40100,2,0
0,32,40800,0,0
1,24,39700,1,0
0,32,25600,1,0
0,43,43700,3,1
1,19,45800,1,0
1,21,45200,2,0
0,20,44900,2,0
0,30,43900,0,0
1,54,35400,0,2
0,52,55000,1,2
0,23,36800,1,0
0,19,42300,1,0
0,25,54900,1,0
0,28,38600,0,0
0,29,53400,2,0
0,30,33800,2,0
0,39,42600,1,0
0,46,47200,0,1
1,28,25500,0,0
0,33,39700,0,0
1,20,42200,0,0
0,31,32900,1,0
1,34,41800,0,0
1,41,36700,0,0
0,45,35700,2,1
1,30,31600,3,0
0,43,41200,2,1
1,32,50700,2,0
0,30,38900,0,0
1,26,33500,3,0
0,50,24700,1,2
0,42,28800,0,1
1,47,22900,0,1
1,39,38600,3,0
1,40,33800,0,0
1,34,46300,2,0
0,42,47300,2,0
0,40,29700,0,0
1,31,14500,0,0
1,40,44700,1,0
0,19,45800,3,0
0,37,33700,1,0
0,37,36800,3,0
1,34,28700,0,0
1,46,38400,1,1
0,36,48400,2,0
1,32,41200,3,0
0,35,44000,1,0
0,34,34100,0,0
1,27,53000,1,0
1,30,40500,0,0
1,36,45800,1,0
0,31,42700,0,0
1,44,44800,6,1
1,22,49800,0,0
0,26,26700,1,0
1,31,41900,1,0
0,35,59300,0,0
1,23,44400,0,0
1,43,46400,2,1
1,19,36300,1,0
1,43,32700,1,1
0,25,28500,2,0
0,27,47100,0,0
1,27,39400,0,0
1,24,47300,3,0
0,31,43300,3,0
0,30,37700,1,0
1,23,30600,0,0
1,26,39500,1,0
0,18,41400,0,0
0,34,40500,0,0
0,32,58900,2,0
0,46,42900,2,1
1,28,17500,2,0
1,36,41300,0,0
0,34,50300,2,0
0,18,36900,0,0
0,38,54200,1,0
0,32,39700,1,0
1,24,32900,1,0
1,30,43000,0,0
1,45,39700,0,1
1,23,52800,2,0
1,36,29800,2,0
0,25,41700,2,0
1,28,36900,0,0
1,33,22000,1,0
0,30,20000,2,0
1,48,13800,2,1
1,22,42700,1,0
1,30,41400,2,0
1,26,45900,1,0
0,46,27500,2,1
1,30,67700,0,0
0,23,36900,1,0
0,30,36000,3,0
0,29,43100,2,0
0,27,36100,1,0
1,20,28700,0,0
1,39,34900,0,0
1,32,44700,4,0
1,30,45200,3,0
1,32,48100,2,0
0,42,28000,0,1
0,33,37100,1,0
0,28,8900,4,0
0,36,36300,1,0
1,27,41300,1,0
1,25,14600,1,0
0,36,56200,1,0
1,39,45000,2,0
1,34,44600,1,0
0,36,26500,2,0
1,37,55200,1,0
0,33,44300,1,0
0,29,47500,3,0
1,32,32700,2,0
0,38,38800,0,0
0,29,46800,0,0
0,31,43600,2,0
0,34,32800,0,0
1,28,43000,4,0
0,27,27700,1,0
0,30,44500,0,0
1,32,49400,1,0
1,34,49900,1,0
0,26,41400,4,0
1,22,50500,2,0
1,26,31600,3,0
0,42,58400,1,1
1,19,46700,3,0
0,52,34700,2,2
1,43,34400,0,1
0,46,49500,0,1
0,33,25700,3,0
1,26,26500,1,0
0,38,49100,2,0
0,29,50900,2,0
1,35,40100,4,0
1,30,28200,0,0
1,38,36600,0,0
0,22,55900,2,0
0,32,61500,2,0
1,23,35500,2,0
1,32,36900,0,0
0,28,36700,1,0
1,53,32500,1,2
1,41,43200,1,0
1,22,45200,0,0
0,30,25900,3,0
1,37,41200,4,0
0,29,9800,2,0
1,36,28300,2,0
0,19,31100,1,0
1,26,41100,0,0
0,30,62000,0,0
1,24,32900,1,0
1,22,32600,1,0
0,34,43600,0,0
1,24,34600,1,0
1,20,37200,0,0
1,34,43800,2,0
1,38,64800,1,0
1,42,42600,4,0
1,24,53800,3,0
1,33,34700,0,0
0,33,24000,2,0
1,42,53600,3,0
0,18,54800,2,0
0,37,59600,2,0
1,29,41400,2,0
1,28,41100,0,0
0,21,35100,5,0
0,41,32600,0,0
0,25,49100,2,0
0,32,34600,1,0
1,29,34400,0,0
0,29,20200,0,0
0,42,34500,4,0
0,24,30500,1,0
0,31,21700,1,0
0,31,37400,2,0
1,38,45600,2,0
0,31,35500,3,0
1,25,32800,3,0
1,27,29200,0,0
1,33,38100,2,0
1,30,35500,0,0
0,28,42300,2,0
0,26,38500,2,0
1,46,20700,1,1
1,19,36100,2,0
1,22,45200,1,0
0,23,32300,1,0
0,19,25100,1,0
0,21,47900,1,0
1,23,50500,1,0
1,34,40600,1,0
1,36,21200,1,0
0,41,36000,1,0
1,23,43800,1,0
1,21,62100,1,0
1,29,38300,0,0
0,29,54000,2,0
1,25,40700,1,0
0,20,38700,1,0
0,23,43400,0,0
1,31,42600,1,0
1,29,38900,1,0
1,21,30600,0,0
0,21,37700,3,0
0,45,29200,1,1
0,37,44600,0,0
0,32,50700,1,0
1,36,24500,1,0
1,35,51900,2,0
1,33,41500,0,0
0,34,41500,2,0
0,36,45900,4,0
0,22,38500,1,0
0,25,47800,1,0
1,23,38100,1,0
1,30,56100,1,0
0,20,40300,1,0
1,21,55300,2,0
0,32,23100,2,0
0,26,55000,5,0
1,46,58100,0,1
0,26,46500,0,0
0,19,42100,1,0
0,25,30600,2,0
1,27,28900,0,0
0,30,39100,0,0
1,28,43400,0,0
0,21,34300,0,0
1,33,58000,2,0
1,27,37300,0,0
0,49,38700,2,1
1,32,39000,4,0
0,32,41100,1,0
1,43,29600,0,1
1,45,27200,1,1
0,27,43200,2,0
1,23,36400,1,0
1,40,30700,3,0
0,31,24600,2,0
1,34,34900,0,0
0,43,53600,1,1
0,21,30100,1,0
0,23,43600,3,0
1,25,54000,1,0
0,21,57100,1,0
1,43,42300,0,1
1,45,54200,0,1
1,27,51000,2,0
0,33,51700,1,0
0,37,33900,2,0
1,28,32800,2,0
1,23,28800,1,0
0,30,50300,0,0
0,27,43700,1,0
1,20,37900,0,0
1,39,40600,0,0
0,35,37400,0,0
1,29,40300,1,0
0,42,60100,0,1
1,26,42900,2,0
0,20,22200,0,0
0,27,32300,0,0
1,28,42100,2,0
1,27,24400,0,0
0,24,26800,3,0
1,20,43800,1,0
1,31,52000,2,0
1,27,49100,1,0
1,38,44100,1,0
0,25,47700,3,0
0,19,45900,1,0
1,25,34600,2,0
0,22,24900,0,0
0,43,32800,2,1
1,32,28200,0,0
1,25,41000,2,0
0,42,28500,2,0
1,26,31500,3,0
0,39,37600,4,0
0,33,47100,0,0
1,35,37800,2,0
0,19,52700,0,0
0,31,43100,0,0
1,20,34200,1,0
1,41,18700,1,0
1,29,44400,2,0
0,31,23100,1,0
1,31,32500,1,0
1,24,56100,2,0
1,20,29700,1,0
1,26,42000,2,0
1,20,19400,2,0
1,23,42300,3,0
0,30,26300,3,0
0,44,48400,3,1
1,29,50500,1,0
1,27,22600,2,0
0,26,36100,1,0
1,41,30900,3,0
1,26,49600,0,0
1,21,40800,1,0
0,28,29600,0,0
0,55,41600,0,3
0,46,56000,1,1
1,22,35800,2,0
1,20,34300,1,0
0,26,44100,0,0
1,51,32800,1,2
1,33,39500,1,0
0,30,22900,0,0
1,32,38600,2,0
0,26,49300,2,0
0,33,40700,4,0
0,43,31700,3,1
0,31,44600,1,0
0,46,30800,0,1
0,18,50800,1,0
1,19,51100,2,0
1,37,53300,0,0
1,19,48400,2,0
1,30,41800,1,0
0,39,49300,0,0
1,49,41600,0,2
0,19,37400,0,0
1,34,46200,2,0
1,19,35500,0,0
0,30,24100,4,0
1,47,54700,0,1
0,21,34200,1,0
0,25,45900,1,0
0,37,44900,1,0
1,28,34600,1,0
0,26,51200,1,0
1,30,30700,1,0
0,21,34800,3,0
1,43,40800,1,1
1,39,35500,2,0
1,37,62300,1,0
0,37,51400,0,0
1,33,40900,1,0
1,26,31100,1,0
0,37,44100,1,0
1,23,38500,2,0
1,36,23400,3,0
1,24,35300,0,0
1,52,55800,1,2
1,20,40900,1,0
1,25,40300,2,0
0,34,42800,0,0
0,20,35800,0,0
0,22,29000,0,0
0,26,50300,1,0
1,29,48300,3,0
0,25,51600,0,0
1,39,34100,1,0
1,42,26800,3,0
1,20,48800,1,0
1,34,30700,0,0
0,35,40800,2,0
0,32,41900,1,0
0,25,18700,0,0
0,40,33400,2,0
1,44,35700,0,1
1,21,21300,1,0
1,30,41700,2,0
0,37,46300,1,0
0,44,30000,1,1
1,40,38400,1,0
1,23,31700,1,0
0,35,28500,0,0
0,37,39900,0,0
0,28,39100,2,0
1,47,36700,1,1
1,19,52600,0,0
1,39,39500,1,0
1,22,46400,1,0
0,22,53900,1,0
1,44,29900,2,1
1,27,48100,3,0
1,22,32600,1,0
1,41,42100,2,0
0,25,28300,0,0
0,37,37300,1,0
0,25,40200,1,0
0,51,41300,1,2
1,32,56700,1,0
0,29,46900,1,0
1,20,5300,1,0
1,26,34200,0,0
0,40,32500,1,0
0,18,40300,0,0
0,44,48400,0,1
1,19,35600,2,0
1,24,41100,2,0
1,25,52800,1,0
0,36,41400,2,0
0,18,54800,1,0
0,20,39200,1,0
1,27,54900,1,0
1,39,57500,0,0
0,37,35000,1,0
1,30,44800,3,0
0,20,21300,1,0
0,36,31300,0,0
1,33,51800,2,0
1,50,51700,1,2
0,32,35500,2,0
0,21,30900,1,0
0,33,41500,1,0
1,31,51600,0,0
0,19,45000,2,0
0,40,53700,0,0
0,30,48300,1,0
0,41,32100,0,0
1,27,21600,1,0
0,23,46700,4,0
0,39,50000,0,0
1,30,43400,0,0
1,24,39100,2,0
0,20,33800,3,0
0,33,42700,3,0
1,24,36500,1,0
0,24,32000,3,0
1,38,51300,1,0
1,28,33100,1,0
1,30,42100,2,0
1,21,31700,2,0
1,29,51500,5,0
0,20,53800,1,0
0,50,16400,2,2
1,39,39900,1,0
1,47,43400,1,1
0,32,15900,1,0
1,20,65100,1,0
0,21,35300,1,0
0,32,38800,2,0
1,39,59900,0,0
1,22,45900,1,0
1,31,38700,1,0
0,23,53600,1,0
0,24,22600,0,0
0,24,60300,0,0
1,41,48800,0,0
0,25,42100,0,0
0,40,39800,1,0
0,42,47000,2,0
0,20,35800,0,0
1,37,51900,1,0
1,26,41100,1,0
1,30,63200,1,0
0,29,40200,0,0
1,31,47900,1,0
1,34,31700,2,0
1,38,38200,1,0
0,31,29600,1,0
0,26,40800,4,0
1,26,51200,1,0
1,36,32300,2,0
0,26,24500,1,0
1,20,48700,0,0
0,23,31900,1,0
0,41,29200,1,0
1,31,26200,2,0
1,24,30800,0,0
0,29,34100,1,0
0,41,61200,1,0
0,30,21600,1,0
1,45,29800,1,1
0,32,52800,0,0
0,30,51000,1,0
1,29,48500,0,0
0,20,35200,0,0
0,20,37200,1,0
1,37,35400,1,0
1,18,35600,0,0
0,35,47700,4,0
1,37,49600,2,0
0,28,33000,0,0
0,24,30000,0,0
0,22,52700,0,0
1,32,48200,0,0
0,29,32200,2,0
0,24,41500,1,0
1,37,30500,3,0
1,33,47900,3,0
0,22,29100,2,0
1,41,51900,0,0
1,38,43800,0,0
0,31,40900,0,0
1,20,37900,1,0
0,21,35600,2,0
0,23,31500,1,0
0,27,40100,1,0
0,25,37800,3,0
0,19,45800,0,0
0,32,50100,3,0
1,23,31500,2,0
0,23,26300,2,0
1,24,35800,2,0
1,26,27900,0,0
1,42,48800,2,0
0,23,27200,0,0
1,44,22700,3,1
0,20,45000,1,0
1,31,37200,1,0
0,21,39900,2,0
1,20,36400,2,0
0,43,28600,0,1
1,49,43900,0,2
1,32,42800,2,0
0,33,43800,0,0
0,28,35900,1,0
0,19,51700,0,0
1,34,35000,1,0
0,21,49500,0,0
1,22,53400,0,0
0,29,26600,0,0
0,36,41400,0,0
1,23,43400,1,0
1,38,48700,0,0
1,49,37500,0,2
0,45,44300,2,1
0,39,29600,1,0
1,36,34600,1,0
1,42,23500,1,1
1,20,36900,2,0
1,19,45000,2,0
0,41,23700,0,0
0,20,40700,1,0
0,36,46900,2,0
1,24,33100,1,0
1,29,35200,1,0
0,36,23500,3,0
0,23,32200,3,0
1,32,34400,2,0
0,26,42400,1,0
1,34,19600,3,0
1,38,42700,1,0
0,20,47200,1,0
1,32,17800,2,0
0,32,31100,1,0
1,26,47100,1,0
0,25,44600,2,0
0,33,34200,2,0
0,21,39400,1,0
1,38,36500,2,0
1,20,42700,2,0
0,18,46900,1,0
1,19,35500,0,0
0,35,46300,2,0
1,33,28000,2,0
1,41,49100,2,0
1,39,44900,1,0
1,27,42800,2,0
0,40,54900,4,0
0,40,28100,0,0
1,33,40300,2,0
1,25,33400,1,0
0,26,55900,1,0
1,32,50600,2,0
0,36,34600,3,0
0,18,38600,2,0
1,34,34400,1,0
0,19,42200,2,0
1,28,45300,1,0
0,41,32500,0,0
1,44,32100,1,1
0,27,48100,0,0
0,19,37800,2,0
0,23,45900,1,0
1,36,32300,0,0
1,23,35600,0,0
0,30,32200,0,0
1,50,45400,0,2
1,39,38500,1,0
0,22,31500,3,0
0,36,57900,3,0
1,41,55100,1,0
0,24,35300,2,0
1,31,47400,0,0
0,20,34300,1,0
1,34,22500,0,0
1,20,38600,0,0
0,39,45800,1,0
1,41,32300,2,0
0,31,49000,0,0
1,22,48300,1,0
1,32,43200,1,0
1,21,44700,1,0
1,21,30900,2,0
1,20,35900,1,0
0,29,22100,2,0
0,40,51600,0,0
0,26,44000,2,0
0,25,40400,3,0
0,21,38900,0,0
1,28,45300,0,0
1,45,34400,3,1
1,25,43300,2,0
0,40,49100,0,0
1,35,36100,2,0
1,23,34600,0,0
1,20,48000,1,0
0,35,26500,0,0
0,40,62100,1,0
0,50,37900,0,2
0,26,34300,1,0
1,28,39500,0,0
1,37,31200,2,0
0,19,40400,2,0
0,28,35600,1,0
0,36,30300,0,0
1,39,37500,2,0
0,23,49900,1,0
1,18,38800,1,0
1,46,40200,3,1
1,28,39700,0,0
1,32,23400,0,0
0,27,42300,2,0
1,19,42100,0,0
1,29,50700,2,0
1,41,42100,0,0
0,21,42000,1,0
0,24,58300,1,0
1,20,64100,0,0
0,37,46700,2,0
1,28,25000,3,0
1,20,44500,0,0
1,27,60400,1,0
0,41,48300,1,0
1,37,34500,1,0
0,43,45300,1,1
0,30,59100,1,0
1,32,35400,2,0
0,21,46300,2,0
0,20,26000,0,0
0,28,35200,1,0
1,30,37000,3,0
1,20,38500,1,0
0,31,33900,0,0
0,45,39900,0,1
0,35,41500,3,0
1,27,39900,0,0
1,51,29000,2,2
1,42,43300,1,1
1,28,62400,1,0
0,37,23200,0,0
0,34,44600,1,0
0,26,41000,0,0
1,33,29500,2,0
0,29,48400,1,0
0,28,27500,1,0
0,22,39700,1,0
0,29,35500,1,0
1,19,31900,1,0
1,21,20700,2,0
0,28,39700,0,0
1,31,25800,1,0
1,39,28500,4,0
0,41,33500,1,0
0,27,25400,2,0
1,41,42600,1,0
1,32,29700,2,0
1,34,26900,0,0
1,25,28800,1,0
1,29,42400,0,0
1,34,21500,1,0
0,27,54200,1,0
1,19,57200,2,0
1,37,52200,1,0
1,27,48900,2,0
0,36,28000,1,0
1,26,34900,5,0
1,22,40000,1,0
1,43,45000,1,1
0,38,43300,1,0
0,29,38300,0,0
1,27,46600,0,0
1,23,38900,5,0
1,28,52200,2,0
1,42,39600,2,0
1,36,32700,2,0
1,39,50300,2,0
0,21,45800,0,0
0,46,32800,1,1
1,24,57300,1,0
1,29,43200,2,0
0,34,39800,2,0
0,37,59900,1,0
1,23,38800,3,0
0,25,55900,1,0
0,20,46100,1,0
1,22,50100,1,0
1,30,55800,0,0
1,33,49500,1,0
0,25,19300,3,0
1,32,43500,1,0
1,20,18900,1,0
1,52,31400,1,2
1,21,61500,1,0
1,24,39900,1,0
1,44,27900,1,1
1,28,46500,2,0
0,33,59300,2,0
1,39,28400,0,0
0,35,36100,2,0
1,48,44000,2,1
1,23,31300,1,0
0,36,29400,0,0
1,35,39000,0,0
1,23,33100,1,0
1,24,17600,1,0
1,45,38300,2,1
0,29,40100,0,0
0,20,13900,0,0
1,54,50900,0,2
1,30,37300,2,0
1,25,46700,3,0
1,49,46300,3,1
0,22,34100,1,0
1,22,38900,1,0
1,42,43700,3,0
0,29,38400,0,0
1,55,52400,0,3
0,46,26600,1,1
0,27,44400,2,0
0,35,53700,0,0
1,27,57300,0,0
1,38,33300,1,0
1,43,28100,1,1
1,26,40700,0,0
0,28,42300,0,0
0,50,43100,2,2
1,34,27700,1,0
1,44,57300,0,1
1,29,32800,1,0
0,26,50000,1,0
0,33,44000,2,0
1,33,50200,3,0
0,34,32200,3,0
0,21,21200,1,0
0,26,43400,1,0
1,42,48100,0,1
0,22,45900,2,0
1,27,35000,1,0
1,28,29900,0,0
0,34,45100,2,0
0,22,37300,3,0
0,30,37800,0,0
0,32,50300,1,0
0,27,46800,2,0
0,45,39600,3,1
1,41,34000,1,0
1,21,36300,0,0
1,41,30200,0,0
1,30,51800,0,0
0,25,11300,2,0
0,42,41100,1,1
1,29,46000,1,0
1,21,33800,0,0
1,25,60500,1,0
0,32,27900,1,0
1,24,29600,0,0
1,36,47100,1,0
1,20,35200,1,0
0,31,31400,0,0
0,29,51700,3,0
0,19,42800,2,0
1,19,31500,1,0
1,27,37800,0,0
1,29,28900,0,0
0,25,46600,2,0
1,36,33400,0,0
0,40,36600,2,0
0,33,46300,4,0
0,46,32800,0,1
0,20,40200,5,0
1,27,38700,2,0
0,31,38800,0,0
0,26,40400,0,0
0,44,22100,1,1
1,33,21700,3,0
0,33,38500,2,0
1,24,40500,1,0
0,48,26700,3,1
1,30,35500,3,0
0,28,29800,1,0
1,58,28300,1,3
1,35,30700,1,0
1,47,40500,1,1
1,21,45300,0,0
1,38,50200,2,0
0,26,41900,2,0
1,21,48800,0,0
1,19,42800,1,0
0,35,25900,0,0
1,30,35300,1,0
0,35,31500,1,0
0,26,54200,1,0
0,25,30000,0,0
1,33,58700,1,0
1,34,26900,0,0
1,41,35500,0,0
0,32,30300,1,0
1,50,58200,0,2
1,40,41800,2,0
1,21,50600,2,0
0,41,31000,3,0
1,42,40800,2,0
0,35,36100,0,0
0,22,47800,2,0
0,25,26200,0,0
0,32,38300,2,0
0,28,45300,1,0
0,32,40800,2,0
0,36,30600,1,0
0,37,41100,1,0
0,40,37500,4,0
0,32,24800,1,0
1,27,39500,3,0
1,18,49600,1,0
1,21,35000,3,0
0,19,39100,3,0
0,40,51500,1,0
1,38,38100,4,0
1,36,33300,2,0
0,33,37200,0,0
0,35,31600,0,0
0,54,41100,1,2
1,31,38600,0,0
1,30,22700,1,0
1,33,36100,1,0
1,38,22100,3,0
1,29,45100,0,0
0,39,21600,2,0
1,30,19300,1,0
0,42,39200,0,1
1,27,46100,1,0
0,38,23500,0,0
1,18,58400,2,0
1,19,38700,0,0
1,35,37900,1,0
0,45,28300,0,1
0,31,46200,1,0
0,18,43600,1,0
0,28,26600,0,0
0,28,63700,1,0
0,26,29200,3,0
0,35,42500,0,0
0,36,26300,3,0
0,28,39800,1,0
1,28,39200,2,0
1,31,45100,0,0
1,25,41600,0,0
0,36,30000,3,0
0,48,40400,1,1
0,30,29400,1,0
0,24,45600,0,0
1,21,60600,2,0
1,22,49400,1,0
0,33,40300,2,0
0,39,20400,2,0
0,18,35400,0,0
0,23,34500,2,0
0,31,19600,2,0
1,19,30300,1,0
0,49,31100,1,2
0,18,28900,5,0
1,26,26400,1,0
0,26,32100,1,0
0,33,29800,1,0
0,38,55600,0,0
1,29,34500,3,0
1,26,50600,1,0
0,20,45200,4,0
0,23,45600,0,0
1,58,26500,0,3
0,27,41800,1,0
1,21,41800,1,0
1,32,31200,1,0
1,32,40900,0,0
1,49,31000,1,2
0,31,49900,1,0
1,46,32300,0,1
0,33,42400,0,0
1,22,44700,0,0
0,42,49600,0,1
0,31,29700,1,0
1,52,42000,0,2
0,38,33100,2,0
0,43,41200,0,1
1,32,46500,0,0
0,18,33100,5,0
1,19,34500,2,0
0,19,29400,1,0
1,25,51600,0,0
0,47,42500,2,1
0,23,35000,2,0
0,19,44500,1,0
1,44,43700,0,1
1,24,33300,2,0
1,32,24200,1,0
0,35,38200,1,0
0,31,51600,2,0
0,34,39200,1,0
1,22,54200,1,0
0,35,45200,1,0
1,51,46300,0,2
0,19,47500,1,0
0,18,28900,0,0
1,41,36000,3,0
1,30,32300,0,0
1,37,31200,2,0
0,25,57000,1,0
1,34,39700,2,0
1,23,32500,1,0
0,30,31400,2,0
0,31,57000,0,0
1,18,44800,0,0
1,22,47900,0,0
0,21,21200,0,0
0,41,45500,3,0
0,24,49400,2,0
0,30,46900,0,0
0,44,48100,0,1
1,26,33900,1,0
0,31,48300,4,0
1,27,48600,1,0
1,33,26600,2,0
0,26,33900,0,0
0,25,27300,3,0
0,35,46100,0,0
0,24,36800,1,0
1,24,35000,2,0
1,28,57600,2,0
0,36,52900,3,0
1,34,29000,1,0
1,23,41900,2,0
1,26,62800,0,0
0,50,17000,4,2
0,44,48100,3,1
0,52,27500,3,2
1,24,53900,2,0
0,43,31300,1,1
0,26,30000,1,0
1,24,31800,1,0
1,36,52900,1,0
1,42,60500,2,0
1,32,56500,1,0
1,24,50600,3,0
0,21,54800,1,0
0,40,50500,2,0
0,35,46600,0,0
0,23,48000,1,0
0,24,26300,3,0
1,34,37900,1,0
0,37,30400,0,0
0,20,32800,3,0
0,31,43400,2,0
0,42,44700,1,1
0,32,36000,1,0
0,37,57500,2,0
1,20,52300,1,0
0,27,40900,0,0
0,44,44800,1,1
1,38,18400,1,0
0,35,36100,1,0
1,19,32600,3,0
0,27,47700,2,0
1,32,63300,1,0
0,34,12900,2,0
0,30,24700,1,0
0,32,54200,1,0
1,37,27000,1,0
0,20,36800,0,0
0,22,47700,0,0
0,48,32000,1,1
0,35,21200,0,0
0,25,45900,1,0
0,29,40400,2,0
1,29,44500,0,0
1,35,32300,3,0
1,33,24600,1,0
1,42,30200,1,1
0,19,36100,1,0
1,22,30500,2,0
0,31,35800,1,0
1,28,28300,1,0
1,21,31000,1,0
0,47,30900,0,1
0,28,37100,1,0
1,27,25500,1,0
0,36,28100,0,0
0,51,37200,2,2
0,28,35100,0,0
0,32,19300,1,0
1,23,47200,0,0
1,19,32700,0,0
0,22,42200,2,0
1,37,30600,0,0
1,19,33400,3,0
1,20,37400,2,0
0,44,55700,1,1
1,50,45900,5,2
0,39,48200,3,0
1,20,36000,0,0
0,39,37400,0,0
0,26,35400,1,0
0,19,31000,2,0
1,24,38700,2,0
1,33,39900,2,0
0,19,39600,1,0
1,42,37200,0,1
1,35,38800,3,0
0,21,48800,0,0
0,26,44100,2,0
0,28,31900,0,0
1,23,50600,1,0
0,29,38600,2,0
1,27,42900,2,0
0,36,43900,0,0
0,37,45200,3,0
0,41,33800,0,0
0,35,32900,0,0
1,29,44200,2,0
1,40,36800,1,0
1,39,33100,3,0
0,38,36600,0,0
1,45,41200,1,1
0,27,22900,3,0
0,25,39300,0,0
1,33,42400,1,0
1,44,27800,1,1
0,37,45600,1,0
0,40,52000,0,0
1,19,41600,2,0
0,21,43800,3,0
0,35,49100,2,0
0,26,46400,0,0
0,36,26400,0,0
1,23,50100,1,0
1,34,46000,0,0
0,40,18300,0,0
1,18,41500,3,0
1,35,41000,0,0
1,33,32600,0,0
1,35,47900,1,0
0,40,43900,2,0
0,33,30500,0,0
0,46,50600,2,1
1,24,36700,1,0
1,30,46300,0,0
1,29,40100,1,0
1,22,39100,1,0
1,40,39800,1,0
1,30,55900,2,0
1,32,44500,2,0
0,19,42100,0,0
0,33,52100,1,0
0,37,21700,1,0
1,24,28600,3,0
0,47,38800,0,1
1,29,27800,0,0
1,22,34900,1,0
0,37,42400,0,0
0,43,56300,2,1
1,33,31000,0,0
1,35,44400,1,0
1,26,43700,0,0
0,35,37800,0,0
1,41,27500,1,0
1,20,29500,2,0
1,31,21600,0,0
1,30,21500,2,0
1,29,33300,2,0
0,50,33200,1,2
1,39,39900,2,0
1,22,51600,0,0
1,50,49300,0,2
1,28,59900,0,0
0,20,30200,4,0
1,22,47800,3,0
1,19,59800,1,0
0,39,58300,0,0
0,41,43900,2,0
0,40,41400,3,0
0,32,46500,1,0
0,36,24300,0,0
0,33,49800,1,0
0,43,27200,1,1
0,38,52200,0,0
0,30,44900,2,0
0,19,14400,2,0
1,21,41300,1,0
0,28,35400,2,0
0,26,32000,2,0
1,29,26200,0,0
1,18,32800,2,0
0,25,35700,1,0
0,43,45600,1,1
0,29,35900,0,0
1,20,13400,1,0
1,34,57600,0,0
1,20,30500,1,0
0,26,20700,3,0
0,34,35300,2,0
1,31,31500,3,0
1,38,17900,3,0
0,35,25900,3,0
0,20,54900,1,0
1,21,45800,1,0
0,21,47600,1,0
0,55,42300,1,3
1,27,31900,2,0
0,39,41500,1,0
1,55,33100,1,3
1,28,47400,1,0
1,25,51700,2,0
0,18,38600,0,0
0,24,53300,1,0
1,27,39700,3,0
0,33,52900,3,0
1,38,36100,0,0
0,33,48000,0,0
1,23,45900,0,0
0,36,40500,2,0
0,21,50500,2,0
1,30,44400,1,0
1,42,54500,1,1
0,20,31000,0,0
0,21,48400,2,0
0,36,40400,1,0
1,30,24900,1,0
0,28,30500,1,0
0,37,30200,2,0
0,37,39600,1,0
0,18,43400,2,0
1,40,34700,0,0
0,20,33100,2,0
0,33,53400,2,0
0,19,37500,0,0
0,42,31900,1,1
0,33,54400,1,0
0,48,51200,1,1
0,37,42500,1,0
1,40,44500,2,0
1,41,32700,0,0
1,50,32200,2,2
0,38,31400,1,0
1,36,51000,3,0
0,48,37800,0,1
1,34,53900,3,0
0,31,55200,0,0
0,27,43000,0,0
0,35,34700,3,0
0,27,47200,2,0
0,37,52800,1,0
1,26,39300,3,0
0,40,31800,2,0
0,34,22600,0,0
0,21,35200,1,0
1,25,35600,2,0
1,28,56100,0,0
1,32,47100,1,0
1,32,46800,3,0
0,21,44800,2,0
0,23,30600,1,0
1,32,51500,0,0
1,35,26100,2,0
0,26,36600,0,0
0,49,35300,1,2
0,31,42300,1,0
0,39,44500,3,0
0,37,28600,2,0
0,24,44000,1,0
0,34,46300,2,0
1,36,37400,0,0
0,36,37400,0,0
0,32,45300,1,0
0,25,49000,1,0
1,26,43800,0,0
0,25,40100,0,0
1,36,40800,0,0
1,30,28100,2,0
1,31,23900,1,0
1,33,42400,2,0
1,36,40500,1,0
0,19,45800,1,0
1,36,43200,0,0
1,27,36800,1,0
0,34,38300,0,0
0,32,45100,1,0
0,38,57200,2,0
0,20,25800,1,0
0,18,27700,0,0
0,32,41800,3,0
0,23,48600,1,0
0,44,52200,1,1
0,34,39900,0,0
1,36,41900,5,0
0,18,42400,1,0
0,26,28200,0,0
0,25,51200,0,0
0,40,54000,2,0
0,26,49000,2,0
0,25,29000,1,0
1,28,13000,1,0
1,33,44100,2,0
0,21,39600,0,0
0,38,52800,2,0
0,38,40200,0,0
1,31,52900,0,0
1,42,40500,0,1
0,31,39300,2,0
0,33,18400,0,0
0,31,48800,1,0
1,30,59900,1,0
1,21,40300,2,0
1,22,30600,3,0
0,19,19900,0,0
1,32,36900,0,0
1,21,49800,1,0
0,32,52700,0,0
1,31,54700,0,0
1,36,39100,2,0
0,25,55400,0,0
0,21,46800,3,0
1,18,39800,2,0
1,40,47600,1,0
1,59,32100,0,4
0,23,41100,1,0
0,37,22800,0,0
1,31,43300,0,0
1,27,61000,1,0
0,27,36600,2,0
0,23,30200,0,0
0,31,35400,2,0
1,19,37000,1,0
1,24,32400,1,0
1,30,46000,1,0
1,38,52900,2,0
0,19,37200,2,0
0,24,57400,1,0
0,33,43900,3,0
0,32,50500,0,0
1,19,51800,1,0
1,20,29200,1,0
1,23,18700,1,0
0,22,34200,2,0
0,35,44000,1,0
1,35,23000,1,0
0,26,55900,3,0
0,21,36400,0,0
0,30,50800,1,0
1,30,56200,1,0
1,27,41600,0,0
0,41,40000,4,0
0,35,42900,0,0
1,29,48300,0,0
0,28,39800,1,0
1,49,30600,4,1
1,27,40700,0,0
0,28,40200,0,0
1,32,47200,0,0
0,34,20500,0,0
0,26,43400,1,0
1,41,43200,2,0
1,18,50200,1,0
0,21,30300,0,0
0,20,34500,1,0
1,34,44300,2,0
1,32,35900,1,0
0,48,45000,2,1
1,26,53200,0,0
1,28,46500,0,0
0,21,41000,2,0
0,18,41200,0,0
1,53,40300,2,2
0,23,43900,0,0
1,18,45300,0,0
1,27,43800,2,0
1,31,47800,2,0
1,37,44800,0,0
0,37,54000,1,0
1,38,41700,1,0
0,24,34300,2,0
1,30,25600,1,0
1,37,35500,1,0
1,41,34300,2,0
1,28,55900,0,0
1,27,46600,2,0
1,34,32400,1,0
1,30,33500,1,0
0,31,38100,2,0
1,22,36200,1,0
1,36,33800,1,0
1,21,45100,3,0
0,31,47300,2,0
0,39,55000,1,0
0,27,52100,1,0
0,21,23300,4,0
0,31,31200,2,0
1,40,41500,1,0
0,24,32900,1,0
0,21,52600,1,0
1,29,45300,1,0
0,34,46800,2,0
1,25,49400,1,0
0,46,42100,2,1
0,18,36800,1,0
0,29,38600,3,0
1,33,40400,0,0
0,30,21200,1,0
0,26,52800,3,0
0,20,35700,2,0
0,44,38400,1,1
0,33,33800,2,0
0,41,38300,0,0
1,21,44000,0,0
0,35,39100,2,0
1,28,18100,1,0
1,24,25300,3,0
1,39,35800,2,0
1,19,36500,1,0
0,29,40300,1,0
0,28,44500,0,0
0,38,37900,1,0
0,36,31700,1,0
1,30,49900,1,0
1,37,51300,1,0
1,24,44100,0,0
0,26,46500,1,0
1,23,41900,2,0
0,48,36400,1,1
1,22,32400,1,0
0,46,61800,1,1
0,22,49000,3,0
1,35,52400,3,0
0,34,48800,1,0
1,31,27900,1,0
1,25,47100,0,0
0,31,33700,1,0
1,38,29300,3,0
0,41,36100,1,0
0,27,33900,1,0
1,45,58700,1,1
1,33,26200,0,0
1,20,31600,2,0
0,32,32000,2,0
1,35,58000,0,0
0,30,31000,0,0
1,28,47700,0,0
0,35,30800,3,0
1,51,35000,0,2
0,18,30100,0,0
1,33,54400,0,0
0,27,47400,1,0
1,25,38300,2,0
0,28,59500,0,0
0,33,41200,1,0
0,28,26400,0,0
0,37,30900,1,0
0,37,39100,0,0
1,23,18200,2,0
1,34,23500,3,0
0,39,39700,0,0
0,29,32100,2,0
0,29,48100,3,0
1,34,62000,1,0
1,36,50100,0,0
1,29,56000,2,0
0,22,50900,1,0
1,41,50300,2,0
0,26,35900,1,0
1,35,42600,0,0
1,43,40500,1,1
0,25,51300,1,0
0,19,50400,1,0
0,18,52400,0,0
1,20,24400,3,0
0,38,37000,2,0
0,24,40300,1,0
1,29,27300,1,0
0,29,26000,3,0
0,20,44400,0,0
0,32,43800,1,0
0,22,34200,1,0
1,31,50000,0,0
1,32,51400,1,0
0,30,37800,0,0
0,35,57100,1,0
0,30,39200,2,0
0,24,43200,2,0
0,30,42300,0,0
1,35,38300,0,0
1,36,46800,0,0
0,29,45000,0,0
1,30,34700,0,0
0,28,43400,1,0
1,35,28100,1,0
1,27,49700,1,0
0,36,41000,1,0
1,28,21100,0,0
1,28,59900,0,0
0,29,31700,0,0
1,40,41900,2,0
0,40,26100,2,0
0,47,42700,0,1
1,22,42100,0,0
1,20,28100,1,0
1,48,46700,2,1
1,34,52500,1,0
0,19,38600,0,0
1,23,45400,2,0
1,29,30900,1,0
1,33,43900,1,0
0,31,42100,0,0
0,35,39300,2,0
0,42,35500,1,1
1,23,33100,1,0
0,35,35100,2,0
0,27,52800,0,0
0,28,42800,0,0
0,33,28400,3,0
1,29,48100,2,0
1,20,29300,2,0
0,38,49400,1,0
0,40,30900,1,0
0,30,39800,2,0
1,22,46600,2,0
1,34,44500,4,0
1,20,54200,0,0
1,38,20900,2,0
1,28,33400,0,0
1,26,45000,2,0
1,26,26200,0,0
1,18,48900,1,0
1,37,26600,1,0
0,18,42200,1,0
0,53,33500,2,2
1,36,27400,2,0
1,20,41400,3,0
1,24,43500,4,0
1,21,37100,2,0
0,37,50000,0,0
1,34,52200,1,0
1,45,44500,1,1
1,27,42100,0,0
0,34,37900,0,0
0,31,47400,1,0
1,19,47600,0,0
1,40,35300,1,0
0,18,50600,1,0
1,33,30700,1,0
1,32,54400,0,0
1,31,27500,1,0
0,27,41900,2,0
0,19,47100,1,0
0,21,47600,2,0
0,26,32800,1,0
0,21,35600,1,0
0,45,44400,1,1
0,35,54800,0,0
1,51,25000,1,2
0,23,33700,1,0
1,33,46700,2,0
1,45,35700,1,1
1,23,37300,0,0
1,33,40900,1,0
0,36,56000,2,0
0,37,31800,3,0
0,23,36300,1,0
1,42,37100,2,0
1,22,46100,0,0
1,22,57500,0,0
1,18,53900,2,0
1,27,38700,2,0
1,47,38200,1,1
1,27,36100,2,0
0,34,39300,4,0
1,27,34100,0,0
0,45,35100,2,1
1,38,35500,1,0
0,41,55300,0,0
1,25,27900,0,0
0,35,42800,0,0
0,43,48400,1,1
1,37,42200,0,0
0,35,43800,3,0
0,45,31300,0,1
0,22,44600,1,0
0,22,44100,1,0
0,20,37300,2,0
0,24,26300,2,0
0,50,59100,1,2
0,21,31700,0,0
1,49,55100,0,2
1,44,37200,0,1
1,31,29000,2,0
0,32,17300,2,0
0,32,48500,1,0
0,35,36200,1,0
0,33,48700,1,0
0,44,28000,0,1
1,23,28500,2,0
0,27,18400,1,0
1,21,40500,2,0
1,19,46500,2,0
1,31,32700,0,0
1,36,60700,0,0
1,18,39200,2,0
0,49,28700,2,1
1,23,32600,0,0
0,27,57500,2,0
0,31,53200,2,0
1,19,58100,1,0
0,52,32500,1,2
0,31,43800,1,0
0,21,33400,1,0
0,31,35600,0,0
0,32,34900,2,0
1,36,52100,2,0
1,37,52400,0,0
1,28,46600,1,0
0,46,38900,1,1
1,18,50200,0,0
0,35,33700,0,0
1,47,37700,1,1
0,37,51500,1,0
1,41,24300,0,0
0,23,23500,2,0
1,27,29300,0,0
1,34,55100,0,0
1,27,43600,1,0
0,22,44200,1,0
1,41,40900,0,0
0,40,49900,1,0
1,36,49100,0,0
1,26,33700,0,0
1,20,50900,3,0
1,27,34200,0,0
1,27,20200,2,0
0,26,45600,0,0
0,19,35000,0,0
1,28,46700,1,0
0,43,35600,2,1
1,31,30500,1,0
0,21,35700,1,0
0,20,29300,3,0
0,27,50500,1,0
0,29,54900,0,0
0,23,30700,3,0
1,30,70600,0,0
0,29,37000,1,0
1,30,49900,1,0
0,36,28300,2,0
0,22,43300,0,0
1,38,33200,2,0
1,20,47700,0,0
0,31,44900,1,0
0,18,38000,2,0
0,22,42000,2,0
1,19,49700,0,0
1,40,42700,3,0
1,22,36800,0,0
0,22,50500,1,0
1,26,38000,2,0
0,27,35500,1,0
1,21,41200,4,0
0,35,38800,1,0
1,27,29200,2,0
0,31,52500,1,0
0,29,40900,1,0
1,46,44600,2,1
1,29,45200,0,0
0,22,45700,0,0
1,20,45800,1,0
0,52,34000,0,2
1,44,48500,1,1
1,22,53000,2,0
1,22,32800,0,0
0,39,53800,1,0
1,32,40100,0,0
0,18,42900,1,0
0,39,30200,2,0
1,38,42300,2,0
1,45,35800,0,1
0,24,31300,1,0
1,30,54900,1,0
0,33,41500,1,0
1,49,47700,1,2
1,19,45100,1,0
1,33,33200,1,0
1,50,43000,2,2
0,23,47600,0,0
1,36,30200,1,0
0,45,43600,1,1
1,26,43900,0,0
1,19,44400,0,0
0,21,45300,2,0
1,40,44800,0,0
0,31,17700,1,0
1,27,44900,1,0
1,19,51900,1,0
0,47,43400,0,1
1,34,34100,6,0
1,31,36600,3,0
0,25,53900,2,0
0,27,34600,1,0
0,27,37100,1,0
0,24,36600,0,0
1,43,24700,1,1
0,47,42700,1,1
0,53,45200,0,2
1,27,19700,2,0
0,26,48700,2,0
0,27,49900,1,0
1,33,30200,0,0
1,32,36800,1,0
1,35,43000,0,0
0,22,47100,0,0
0,28,39300,2,0
1,19,46700,1,0
0,22,43400,1,0
1,24,54800,1,0
1,30,48900,1,0
1,39,19900,1,0
1,39,18900,0,0
0,21,53600,0,0
1,34,42300,1,0
0,22,34200,4,0
0,20,40400,2,0
1,39,33400,1,0
1,19,24800,1,0
1,27,46600,1,0
1,28,44500,1,0
0,24,46800,0,0
1,45,32300,2,1
1,38,40400,0,0
1,44,26400,2,1
1,21,47400,5,0
0,37,42700,0,0
0,21,32200,1,0
0,27,48700,0,0
0,26,42200,0,0
0,39,44600,3,0
0,30,51100,0,0
1,24,34300,0,0
1,32,31800,0,0
1,41,38800,1,0
0,37,34800,1,0
1,19,41600,1,0
0,18,30400,1,0
0,33,23200,2,0
0,23,31200,1,0
1,26,28800,1,0
0,45,41000,0,1
1,46,55000,2,1
1,39,35000,1,0
1,38,42200,2,0
1,34,42300,3,0
0,34,29000,2,0
0,28,41700,0,0
1,36,25600,1,0
1,22,38000,1,0
0,21,38200,2,0
0,30,33900,0,0
1,28,47600,0,0
0,45,40900,1,1
1,35,32600,1,0
0,24,40000,0,0
1,38,35900,1,0
0,42,50400,2,0
1,33,44300,2,0
1,28,49200,0,0
0,21,37100,3,0
1,22,30800,0,0
1,45,41400,0,1
0,38,30900,0,0
0,23,29900,3,0
1,25,28700,1,0
0,22,36900,1,0
1,32,63100,1,0
1,41,49600,0,0
1,34,50800,0,0
1,29,52500,0,0
0,38,29300,1,0
1,40,44500,0,0
1,23,39300,2,0
1,26,54400,1,0
0,24,35800,4,0
0,34,38900,2,0
0,30,20900,0,0
0,24,39800,1,0
1,25,50900,0,0
1,24,27300,1,0
1,21,59200,1,0
1,34,54200,0,0
1,26,36600,0,0
0,29,47800,0,0
1,34,37700,3,0
0,20,14700,0,0
0,31,37800,1,0
0,40,29200,2,0
0,36,28000,2,0
1,28,36700,1,0
1,30,45800,0,0
1,30,37000,0,0
0,44,53100,2,1
0,22,35800,1,0
0,30,34500,2,0
1,28,44000,2,0
1,21,42700,2,0
1,49,39500,0,2
1,47,33400,1,1
1,33,37500,0,0
1,32,47100,1,0
1,44,29900,1,1
0,22,31800,0,0
1,38,43500,0,0
0,27,49200,2,0
0,33,24400,1,0
0,26,49600,1,0
1,28,39000,2,0
1,23,43000,1,0
0,39,42500,0,0
0,23,49700,0,0
0,19,40100,1,0
0,32,21800,0,0
0,38,44200,3,0
1,24,42000,3,0
0,47,43100,0,1
0,24,46500,0,0
0,19,32100,0,0
1,33,55200,0,0
1,20,29200,0,0
1,24,44300,1,0
0,22,50500,3,0
1,49,37900,5,1
1,20,42400,3,0
0,29,39500,2,0
1,27,41800,1,0
1,19,29400,1,0
0,23,46800,3,0
1,21,28200,0,0
0,29,34800,0,0
0,20,34000,2,0
0,45,34200,1,1
1,21,68000,2,0
1,21,47900,2,0
1,39,48200,2,0
0,32,22900,6,0
0,31,31500,1,0
0,42,36000,3,0
1,21,43500,2,0
0,26,35300,1,0
1,42,42900,3,0
0,23,40500,3,0
0,39,38500,0,0
0,37,16500,3,0
1,25,23500,0,0
0,37,26300,2,0
0,29,47200,2,0
0,23,41700,0,0
1,41,47100,1,0
1,21,34700,1,0
1,22,33900,0,0
1,20,36100,0,0
1,20,47500,3,0
0,33,47500,0,0
0,35,49700,2,0
1,23,41100,2,0
0,25,30000,3,0
1,31,30300,0,0
0,30,52600,2,0
1,21,41300,0,0
0,26,22100,1,0
1,21,50200,0,0
0,22,22600,0,0
0,32,53200,0,0
1,24,44200,1,0
1,21,40200,1,0
1,36,27800,2,0
0,18,45800,0,0
1,19,48900,0,0
0,19,27500,0,0
0,37,49600,2,0
0,32,42400,2,0
1,21,33300,3,0
1,45,40500,2,1
0,46,47900,1,1
1,37,31500,1,0
1,51,40500,1,2
0,22,22900,3,0
0,42,40300,4,0
0,35,30100,0,0
0,20,29900,0,0
1,37,60100,3,0
0,20,44200,4,0
0,20,46800,2,0
1,26,43900,0,0
1,36,37700,1,0
0,25,49700,0,0
0,32,45900,1,0
0,33,40900,2,0
0,28,19600,1,0
1,27,32300,1,0
1,42,32400,0,1
1,38,45700,1,0
0,41,24500,0,0
1,20,47900,1,0
0,47,40300,0,1
0,23,27900,1,0
1,20,39200,1,0
0,35,39300,1,0
1,24,48200,2,0
1,56,40400,0,3
1,23,43500,1,0
0,24,20500,0,0
0,26,36000,0,0
0,34,37300,4,0
1,20,50000,1,0
1,39,36000,0,0
0,29,36800,1,0
1,29,47500,0,0
0,22,46600,3,0
1,32,48700,1,0
1,22,47500,0,0
1,39,23900,0,0
1,24,25400,0,0
0,36,62100,0,0
1,34,25900,1,0
1,24,46100,2,0
0,38,48100,1,0
1,29,32000,4,0
1,21,37200,1,0
0,36,31500,2,0
0,36,31700,1,0
1,41,44700,1,0
0,18,43400,1,0
0,25,40200,2,0
0,39,51200,2,0
0,40,26600,2,0
1,18,45800,1,0
0,19,56200,0,0
0,23,28400,1,0
0,25,58000,0,0
1,34,33600,1,0
1,36,24300,3,0
1,21,25900,1,0
1,32,35500,0,0
0,36,48400,4,0
1,22,32200,1,0
0,25,46200,0,0
1,26,71400,0,0
1,28,43900,0,0
1,20,46700,0,0
1,39,24300,2,0
1,39,42300,0,0
0,21,40400,3,0
0,28,29400,3,0
1,23,47700,2,0
1,25,47300,2,0
0,18,43500,0,0
0,22,49000,1,0
0,18,44000,0,0
1,44,34100,0,1
1,45,41900,2,1
0,28,33800,1,0
1,49,36300,2,2
0,21,43100,1,0
0,38,39300,0,0
1,20,28900,1,0
1,31,42000,1,0
0,36,53200,0,0
0,45,32800,3,1
0,45,44900,0,1
1,25,43900,5,0
1,32,40000,1,0
1,34,39400,3,0
1,21,39300,1,0
0,23,34300,1,0
0,32,10000,1,0
1,28,31700,0,0
1,23,50100,0,0
1,50,27000,1,2
0,19,31600,3,0
0,25,29900,1,0
1,43,45900,3,1
0,42,46000,1,1
1,21,23500,0,0
1,31,35400,2,0
0,33,59300,2,0
1,21,31000,0,0
1,27,11300,0,0
1,29,41600,1,0
0,30,43500,2,0
0,32,46800,0,0
0,19,33900,0,0
0,31,37200,1,0
0,31,60100,1,0
0,60,27900,0,4
0,36,22800,2,0
1,20,60900,4,0
0,27,34200,2,0
1,26,42200,1,0
0,34,55200,2,0
1,21,32900,1,0
1,33,43600,1,0
0,39,33800,0,0
1,19,30000,1,0
0,52,52400,2,2
0,23,45200,0,0
0,36,46700,2,0
1,53,29700,1,2
1,26,36000,1,0
1,43,48300,0,1
0,30,47900,1,0
0,20,30000,1,0
1,18,44100,1,0
1,39,53000,0,0
0,26,30600,2,0
1,22,26800,1,0
1,36,44100,2,0
1,39,27900,0,0
1,28,44400,1,0
0,25,33900,3,0
1,21,29500,0,0
1,21,36900,3,0
1,44,28400,0,1
1,19,43200,1,0
0,21,42700,1,0
1,42,36200,0,1
0,30,42800,0,0
1,26,26200,4,0
1,41,30200,0,0
1,32,33400,1,0
0,41,48000,1,0
1,33,37100,0,0
0,49,60300,1,2
1,22,48200,4,0
0,25,50400,1,0
1,30,37200,1,0
0,20,34800,0,0
1,40,41100,0,0
0,43,53200,1,1
0,36,53200,2,0
0,36,34300,1,0
1,40,32200,3,0
0,31,21300,1,0
0,27,41700,0,0
1,31,57200,3,0
0,40,27200,1,0
1,27,57300,1,0
0,30,42400,0,0
1,46,53900,0,1
0,28,41300,0,0
1,31,30100,0,0
0,20,40500,5,0
0,43,19600,3,1
0,44,24600,3,1
1,48,41300,1,1
1,40,55500,0,0
0,27,42400,1,0
0,28,43000,0,0
0,39,51500,1,0
1,25,36100,2,0
0,39,30100,1,0
0,22,37800,1,0
1,26,22700,3,0
1,36,43500,1,0
1,32,35500,1,0
0,49,40000,0,2
0,42,59500,1,1
0,41,34400,1,0
1,34,46700,1,0
1,38,42800,1,0
1,52,54700,0,2
0,31,29300,2,0
0,35,42500,0,0
1,39,30800,1,0
0,20,48600,0,0
1,19,25700,2,0
0,44,25300,1,1
0,22,45800,1,0
0,19,35200,0,0
0,43,25800,0,1
1,38,48400,1,0
0,37,54100,1,0
1,30,57200,1,0
0,38,39100,0,0
0,40,42000,0,0
0,32,59300,3,0
0,37,34700,1,0
0,47,43900,0,1
1,28,39800,2,0
1,37,33900,1,0
0,21,33200,1,0
0,26,47500,0,0
1,27,45900,0,0
1,30,52600,4,0
0,42,52400,0,1
1,19,36400,3,0
1,25,32700,2,0
1,47,50600,1,1
1,22,34300,1,0
0,25,49400,1,0
0,20,33000,3,0
0,22,42800,4,0
1,32,37100,0,0
1,46,49600,2,1
0,20,44700,1,0
0,44,34200,1,1
1,45,42000,2,1
0,19,51000,0,0
1,52,16400,2,2
1,26,22700,0,0
0,39,27000,1,0
1,44,46400,2,1
1,31,48500,1,0
1,23,32100,1,0
1,40,43800,0,0
0,47,30700,2,1
1,32,30800,0,0
0,37,33400,1,0
1,26,46900,3,0
0,29,43800,0,0
0,18,54000,0,0
0,32,43100,1,0
1,32,42200,0,0
1,30,55400,1,0
1,39,49300,3,0
0,29,35000,0,0
0,19,47100,2,0
1,22,41500,0,0
1,20,32600,0,0
0,23,37000,2,0
0,31,28300,1,0
1,32,25100,1,0
1,39,32100,1,0
0,29,42200,0,0
1,19,45000,3,0
1,26,25500,0,0
0,21,37100,1,0
0,31,33400,0,0
0,39,40700,1,0
1,36,32700,1,0
0,38,46200,2,0
1,36,35300,4,0
1,19,45400,1,0
1,34,41500,2,0
1,28,45800,1,0
0,21,34400,1,0
1,25,43500,2,0
0,30,55700,0,0
1,26,51900,0,0
0,31,29300,3,0
1,33,30800,3,0
1,38,28400,1,0
0,46,41200,0,1
0,37,27400,1,0
1,30,47700,0,0
0,40,30900,0,0
1,29,51100,1,0
1,22,37100,1,0
0,34,52500,0,0
0,19,58200,2,0
0,37,37100,3,0
1,44,43600,3,1
0,46,41700,1,1
1,20,46700,0,0
0,24,36700,0,0
1,19,53200,1,0
1,34,43900,1,0
1,30,42600,2,0
1,22,27700,4,0
1,30,41600,1,0
0,25,31200,2,0
0,20,62400,0,0
0,28,56100,0,0
1,34,48100,0,0
1,28,41800,2,0
0,42,57600,0,1
0,20,27700,0,0
1,30,59300,1,0
1,18,57100,1,0
1,38,33500,0,0
0,31,47600,3,0
0,43,25700,1,1
0,29,43400,1,0
1,18,39800,2,0
0,22,49200,2,0
1,27,61000,0,0
0,29,27500,0,0
0,34,45000,0,0
0,44,38100,1,1
0,25,47000,1,0
1,27,40000,2,0
0,50,43700,3,2
1,25,49600,6,0
1,44,32200,1,1
0,25,43300,1,0
1,31,24600,1,0
1,30,40500,1,0
1,25,32700,0,0
1,34,34800,1,0
0,37,36700,2,0
0,22,39200,2,0
0,23,41100,0,0
1,29,25600,0,0
0,41,31400,1,0
1,33,43700,2,0
1,39,42900,0,0
1,39,28500,2,0
1,21,26700,4,0
1,53,50900,1,2
1,22,25600,0,0
1,32,37800,1,0
0,41,42400,1,0
0,25,37600,1,0
0,26,32600,0,0
0,27,34200,2,0
1,37,34300,3,0
1,43,48000,1,1
1,27,30800,0,0
1,30,13800,5,0
0,40,54000,2,0
0,27,56400,1,0
0,32,40800,3,0
1,32,20600,2,0
1,51,41100,3,2
0,34,39900,0,0
0,25,66300,1,0
1,31,25000,0,0
1,20,24400,1,0
0,21,33400,3,0
0,18,31400,1,0
1,30,40900,0,0
0,39,34000,0,0
1,25,13800,3,0
0,51,44500,0,2
1,28,46600,0,0
0,38,50000,0,0
1,36,24600,0,0
1,33,53000,1,0
1,31,38700,4,0
0,34,18800,1,0
1,31,37200,1,0
0,18,23100,0,0
0,29,44900,1,0
0,47,41600,2,1
0,20,42000,0,0
1,44,38100,3,1
1,20,34800,0,0
0,45,28500,0,1
1,42,31000,0,1
1,26,27300,0,0
0,35,40500,2,0
1,19,39300,0,0
0,18,50200,3,0
0,34,11000,3,0
1,29,37600,2,0
0,25,28300,0,0
1,27,34100,1,0
0,22,34900,0,0
0,21,35400,3,0
1,53,45300,1,2
1,19,38600,2,0
1,39,54200,0,0
0,22,44600,3,0
0,25,52600,1,0
1,33,23800,1,0
1,53,47100,0,2
1,19,43200,1,0
0,31,33700,3,0
0,23,34100,0,0
1,21,43100,3,0
0,42,37800,2,0
0,43,37500,0,1
0,25,39700,3,0
0,36,29700,2,0
1,21,46100,2,0
0,25,39100,1,0
1,19,46200,1,0
1,28,48900,1,0
1,41,34100,0,0
0,22,52500,1,0
0,25,37600,1,0
1,20,37600,1,0
1,36,38000,0,0
1,43,36500,2,1
1,24,43500,1,0
0,31,45300,1,0
1,34,48000,3,0
0,28,52300,3,0
0,26,46700,0,0
0,45,46800,1,1
1,31,29200,2,0
0,33,66100,1,0
0,33,36400,1,0
0,29,42800,3,0
1,29,53900,1,0
0,31,46300,0,0
1,19,37600,4,0
1,35,41900,0,0
0,20,45100,0,0
0,44,38800,0,1
1,23,35400,2,0
1,40,27100,0,0
0,41,28300,1,0
0,18,35300,2,0
1,36,27800,0,0
1,33,33400,1,0
0,46,42600,3,1
0,26,36100,1,0
0,26,34100,0,0
1,21,42200,0,0
1,32,46600,2,0
0,29,34400,1,0
0,33,50600,2,0
0,45,62000,2,1
1,33,42000,3,0
0,35,48400,1,0
1,28,33900,1,0
0,34,42900,0,0
1,19,43600,3,0
1,31,27900,1,0
1,30,46600,2,0
0,47,32800,0,1
1,20,40200,0,0
0,30,30700,4,0
1,31,59500,2,0
0,23,25100,0,0
0,31,45800,0,0
0,39,30000,3,0
1,49,37100,1,2
1,38,44000,1,0
0,42,25700,3,0
0,26,39100,1,0
0,29,34500,0,0
0,19,59200,0,0
0,23,29000,2,0
1,33,43000,1,0
0,39,48000,0,0
0,31,25300,1,0
1,20,33600,0,0
0,30,50400,1,0
1,32,41900,2,0
1,26,59200,0,0
1,29,59100,3,0
0,31,42100,0,0
0,38,40200,0,0
1,45,51000,2,1
1,18,43100,1,0
1,24,37200,2,0
0,25,59500,1,0
0,31,38800,1,0
0,32,39900,1,0
1,30,27500,1,0
1,35,43500,0,0
0,32,37700,2,0
0,18,33700,3,0
0,34,34600,1,0
1,27,35000,1,0
0,26,34500,0,0
0,18,55100,0,0
1,23,32800,2,0
1,24,37000,3,0
0,51,21800,0,2
0,29,33600,1,0
1,26,35100,1,0
1,48,57800,0,1
0,20,42900,1,0
1,21,62800,0,0
1,23,28600,0,0
1,39,32900,0,0
1,35,43200,2,0
0,31,40700,0,0
0,32,50400,1,0
0,31,53500,0,0
0,32,39300,1,0
1,32,33300,2,0
0,31,29400,2,0
1,23,26500,0,0
0,28,43000,0,0
1,19,37300,0,0
1,28,50300,2,0
1,23,49500,1,0
1,39,22500,0,0
0,41,45500,0,0
0,28,43000,1,0
1,28,48500,0,0
1,19,37500,1,0
0,30,41300,1,0
1,19,29200,0,0
0,34,43400,2,0
0,23,32900,0,0
1,19,37000,2,0
1,22,38600,1,0
0,28,49200,3,0
1,49,25800,1,2
1,39,42100,0,0
0,32,28300,1,0
1,36,36500,2,0
0,39,24900,2,0
1,33,40000,1,0
0,26,25800,2,0
1,33,47500,2,0
0,39,38900,3,0
1,29,39300,0,0
1,29,38800,5,0
1,42,19200,0,1
0,36,58500,1,0
0,31,37600,0,0
1,30,26300,0,0
0,20,36800,0,0
1,30,34700,1,0
1,43,22200,2,1
1,22,44800,2,0
1,46,48300,1,1
0,33,32800,1,0
0,36,19900,1,0
1,21,29400,2,0
0,22,33800,1,0
1,41,51000,0,0
0,39,40300,1,0
1,35,23500,1,0
0,30,36400,3,0
0,22,37000,1,0
1,26,45700,1,0
1,29,38800,1,0
0,26,41600,3,0
0,43,17300,2,1
1,31,39300,2,0
0,36,33900,1,0
1,28,46200,0,0
0,23,41600,0,0
0,25,54900,3,0
1,22,31000,1,0
1,28,21500,2,0
1,33,40900,2,0
1,41,31200,1,0
0,29,37600,0,0
1,38,43000,0,0
0,21,58400,1,0
0,18,32400,4,0
1,24,50000,0,0
0,26,46600,2,0
1,35,49900,3,0
0,18,19700,0,0
1,41,50100,1,0
0,35,46300,1,0
1,21,47400,2,0
0,40,31300,1,0
0,18,42600,1,0
1,19,52600,0,0
1,33,37500,4,0
1,19,18300,0,0
0,26,40800,2,0
1,20,43300,0,0
0,40,39400,3,0
1,26,46800,2,0
1,31,26100,3,0
0,25,35700,0,0
1,34,44800,1,0
0,31,42700,4,0
0,19,56300,2,0
1,38,35100,1,0
0,35,35200,0,0
1,25,42100,3,0
1,22,46700,0,0
1,19,51600,0,0
0,33,46500,3,0
0,36,47400,1,0
0,35,44600,0,0
0,34,38100,2,0
1,25,33000,2,0
0,20,55900,0,0
0,37,41000,0,0
0,32,42000,2,0
0,40,52100,3,0
1,34,51200,1,0
0,35,55100,2,0
0,29,42200,2,0
0,36,26400,0,0
1,22,49300,2,0
0,30,37200,0,0
1,36,64000,3,0
1,19,35900,1,0
0,20,51400,3,0
0,37,48500,0,0
0,19,33300,1,0
1,19,24200,3,0
0,18,42700,0,0
1,43,36800,0,1
0,32,34300,1,0
1,22,41300,1,0
0,29,46100,0,0
1,37,52400,1,0
0,22,39900,2,0
1,19,51200,1,0
0,34,35000,1,0
1,32,60900,1,0
1,31,43200,2,0
1,34,31400,1,0
1,28,22700,3,0
0,22,34600,0,0
0,24,28100,2,0
1,31,39500,0,0
0,38,30800,0,0
0,31,63600,4,0
1,34,45800,1,0
1,24,30900,1,0
1,27,21100,1,0
1,20,44400,0,0
1,28,33000,1,0
1,26,41200,0,0
1,26,45600,3,0
0,26,27800,1,0
0,22,24500,0,0
0,47,41000,3,1
0,36,34200,0,0
1,45,32100,3,1
0,19,50700,1,0
0,47,33600,1,1
0,26,24500,0,0
1,28,45500,0,0
1,35,32400,2,0
1,22,34000,1,0
1,36,57400,1,0
1,23,32800,4,0
0,38,34100,1,0
1,36,44600,1,0
1,19,54800,1,0
1,24,26100,2,0
1,43,41700,1,1
1,41,42400,1,0
1,28,32400,1,0
1,33,34300,2,0
0,21,60700,1,0
1,25,24700,1,0
1,27,55700,1,0
0,21,51600,3,0
1,25,43000,1,0
0,39,57800,1,0
1,25,44300,0,0
1,40,23600,0,0
0,26,40500,1,0
0,19,33100,2,0
1,24,41300,1,0
0,33,54700,1,0
0,42,40000,1,1
1,25,46100,1,0
0,40,21100,0,0
0,23,40600,0,0
1,34,42900,1,0
0,18,38100,1,0
1,22,33300,4,0
1,25,35900,4,0
0,42,23400,0,1
1,23,22500,2,0
1,30,42300,1,0
1,22,40200,0,0
0,52,52300,1,2
1,37,30000,1,0
0,42,45700,3,0
0,47,32700,1,1
1,35,25200,0,0
1,18,48600,2,0
0,20,38200,1,0
1,27,36900,1,0
0,37,28100,1,0
1,27,40100,2,0
1,44,32600,1,1
1,28,39400,1,0
0,36,40100,1,0
0,19,46500,1,0
1,21,29000,0,0
1,30,46800,1,0
0,52,40700,0,2
0,37,37300,1,0
0,24,45200,0,0
0,44,57400,3,1
1,27,49300,0,0
0,38,41800,3,0
1,40,41900,1,0
0,35,54300,0,0
0,32,48700,2,0
1,33,39900,0,0
1,24,32600,1,0
1,25,43200,2,0
1,27,28800,0,0
1,35,26700,1,0
0,38,43700,0,0
0,27,46500,1,0
0,53,23000,2,2
1,36,44100,1,0
0,18,19100,0,0
0,37,35100,2,0
0,27,18600,0,0
0,33,28800,3,0
1,22,36200,1,0
1,26,47400,0,0
1,22,44400,2,0
0,26,37100,2,0
1,28,41100,0,0
1,24,33700,1,0
0,38,27500,1,0
0,28,48900,1,0
1,47,43200,2,1
1,26,38800,1,0
1,30,33200,0,0
0,24,32500,0,0
0,34,35100,0,0
0,19,51700,0,0
0,21,37200,0,0
0,42,49800,1,1
0,31,45000,1,0
0,26,18700,0,0
0,30,25400,2,0
0,27,43600,4,0
1,46,51400,1,1
0,22,59600,2,0
0,25,33100,0,0
0,25,28600,2,0
1,37,45100,2,0
1,29,47400,1,0
1,33,55600,0,0
1,32,48900,0,0
1,27,28800,2,0
0,50,24700,1,2
1,36,33500,2,0
1,35,44000,0,0
0,34,47700,1,0
0,41,25800,0,0
0,32,58200,0,0
1,35,40500,3,0
0,35,41000,2,0
0,35,37600,0,0
0,20,40300,0,0
0,23,40100,2,0
1,27,37900,0,0
0,28,39800,1,0
1,37,42300,1,0
1,49,41700,0,2
1,21,45200,1,0
1,27,57700,1,0
0,33,54500,0,0
0,38,32900,0,0
0,30,48200,4,0
1,23,46400,0,0
0,23,36600,0,0
0,45,51200,0,1
1,31,54500,0,0
0,25,55000,4,0
0,22,58900,4,0
0,35,53700,1,0
0,23,39800,1,0
0,31,46000,0,0
1,41,58400,0,0
1,28,39900,2,0
1,36,25100,2,0
0,31,43300,0,0
1,43,28200,3,1
0,39,34900,3,0
1,35,36700,0,0
0,28,23700,2,0
1,24,48300,1,0
0,19,49000,2,0
0,20,41400,1,0
1,36,35900,1,0
1,35,55700,1,0
0,20,62700,1,0
1,42,46900,0,1
0,37,36600,1,0
0,41,52700,2,0
0,37,42800,1,0
0,31,34900,0,0
0,29,43200,1,0
0,27,37900,1,0
0,22,56600,0,0
0,35,56400,3,0
0,28,44500,1,0
0,34,39800,1,0
0,44,39000,2,1
1,33,38100,1,0
1,43,28300,1,1
1,23,42700,0,0
0,41,33800,2,0
1,36,53600,2,0
1,32,52600,3,0
0,21,39600,3,0
0,34,27500,2,0
0,33,32600,1,0
0,25,48800,1,0
0,30,36200,1,0
1,25,33000,0,0
0,38,45600,3,0
0,38,27000,1,0
0,24,35800,2,0
0,37,21400,0,0
1,36,44100,0,0
1,20,57600,0,0
0,46,36400,0,1
0,32,33600,3,0
0,23,19200,3,0
1,23,35100,3,0
1,26,30000,1,0
0,39,28800,3,0
1,27,36000,0,0
0,40,43400,1,0
0,34,33400,1,0
1,30,31600,0,0
1,26,58800,2,0
1,25,40000,0,0
0,46,41600,1,1
1,32,21600,0,0
0,39,35700,1,0
1,29,50500,0,0
0,39,34200,3,0
1,35,37100,1,0
0,29,39200,1,0
1,22,41500,1,0
1,41,41100,2,0
1,28,37900,0,0
1,37,28100,0,0
0,44,46300,0,1
0,27,68400,0,0
0,27,34700,0,0
1,28,36500,0,0
0,37,42500,1,0
1,32,17100,3,0
0,34,44000,1,0
1,44,33000,1,1
0,44,51500,1,1
0,27,29700,1,0
1,24,37800,0,0
1,35,42300,1,0
1,36,33000,1,0
1,32,40900,3,0
1,21,19600,0,0
0,32,32600,0,0
1,31,49100,0,0
0,29,46800,2,0
0,20,49400,1,0
1,33,28000,1,0
1,28,49000,1,0
1,33,40200,1,0
1,23,49900,1,0
1,32,21600,0,0
1,40,38400,0,0
1,19,43100,1,0
0,32,47400,2,0
0,47,37900,0,1
0,36,42000,0,0
1,29,32200,1,0
0,41,45700,0,0
1,22,41200,0,0
1,38,39800,2,0
0,31,49400,1,0
0,23,35700,0,0
1,32,37100,2,0
1,18,13300,1,0
1,32,47500,1,0
0,39,19300,2,0
0,38,31500,1,0
0,27,30900,1,0
1,22,54100,1,0
1,30,35000,1,0
0,44,35800,1,1
1,35,43000,1,0
1,36,34200,0,0
1,36,68500,1,0
1,31,28100,1,0
0,19,53500,2,0
1,23,39800,2,0
1,31,35700,0,0
1,22,40500,0,0
0,40,46200,1,0
1,21,31700,1,0
0,33,33700,2,0
0,40,45900,0,0
0,28,41100,4,0
1,22,24700,0,0
0,49,40600,1,2
0,31,36600,2,0
1,34,51300,0,0
0,24,38500,0,0
0,32,31000,1,0
0,35,25300,1,0
0,32,29100,0,0
0,21,39000,5,0
1,47,54400,1,1
1,37,22900,3,0
0,34,49400,0,0
1,34,59300,1,0
0,21,45300,0,0
0,29,37800,2,0
1,44,49900,0,1
1,32,41900,2,0
1,21,22600,2,0
1,26,47600,1,0
1,33,24600,3,0
1,40,55200,1,0
1,50,45300,1,2
1,20,48100,2,0
0,31,52500,0,0
1,38,24200,2,0
0,24,41100,2,0
0,39,24900,0,0
0,24,41200,0,0
0,46,46700,1,1
1,23,56900,4,0
1,35,54400,3,0
1,26,46300,1,0
1,31,49300,0,0
0,55,40800,1,3
0,42,33100,1,1
1,33,38400,2,0
1,31,47300,0,0
0,18,33400,2,0
0,20,36600,1,0
1,36,47500,1,0
1,32,53700,1,0
0,24,64400,0,0
1,22,53300,2,0
0,38,58300,2,0
0,21,45800,3,0
0,20,41500,0,0
1,34,35800,0,0
1,18,53900,0,0
1,30,53800,0,0
0,39,52200,0,0
0,23,27600,2,0
1,51,33400,2,2
0,37,33400,5,0
0,40,42900,2,0
1,31,45800,0,0
1,25,42000,1,0
0,27,52500,2,0
0,39,26900,5,0
0,31,29100,1,0
1,35,41500,4,0
1,28,45300,2,0
0,37,41800,1,0
1,29,37800,1,0
0,32,40000,1,0
0,30,23700,3,0
0,31,49400,1,0
0,35,54900,0,0
0,34,34600,2,0
1,26,42000,0,0
1,38,37100,0,0
1,38,46500,0,0
1,29,67200,1,0
1,31,47300,3,0
1,34,34400,2,0
0,25,57600,4,0
1,29,53000,0,0
0,29,37100,1,0
1,34,53100,0,0
0,33,36300,0,0
1,36,35000,1,0
0,57,22600,2,3
0,41,38800,0,0
1,33,41000,0,0
1,22,48300,0,0
1,30,45200,0,0
0,30,49400,1,0
0,21,40200,2,0
0,35,48800,0,0
1,32,56900,0,0
0,25,55100,2,0
0,38,38100,3,0
1,39,47100,1,0
1,35,41200,0,0
0,30,30200,1,0
1,30,60900,2,0
0,60,43400,2,4
1,19,57800,1,0
1,31,28400,1,0
0,40,34100,1,0
0,38,30800,1,0
0,27,36300,0,0
1,22,45400,2,0
1,22,50300,1,0
1,30,35900,1,0
0,51,38300,1,2
0,47,49700,1,1
0,28,47500,0,0
0,32,51700,1,0
0,28,49100,1,0
1,24,20700,0,0
1,29,42100,0,0
0,43,46500,0,1
0,21,16200,2,0
1,25,37000,0,0
0,22,37800,1,0
1,27,28400,0,0
0,35,33700,2,0
1,43,32200,2,1
0,29,52700,1,0
0,21,37200,0,0
0,26,30000,0,0
0,43,48700,0,1
1,41,43500,1,0
0,26,40700,4,0
1,35,44800,1,0
1,23,52300,3,0
1,23,29500,3,0
0,41,48900,0,0
0,23,53600,1,0
0,35,58600,1,0
1,25,42200,0,0
0,36,35400,3,0
1,29,39500,3,0
0,36,43200,1,0
0,29,24400,0,0
0,24,18700,1,0
1,27,30000,3,0
0,49,45500,3,1
1,21,43500,1,0
0,35,31600,0,0
1,36,53700,1,0
0,23,33300,1,0
1,45,49900,0,1
0,28,42400,0,0
1,28,30800,3,0
0,34,45700,0,0
1,49,38200,1,2
0,36,24800,0,0
0,36,54000,3,0
0,31,34300,2,0
0,35,49300,1,0
1,39,48300,1,0
0,33,34400,1,0
1,37,35000,0,0
0,21,35300,1,0
0,39,31500,0,0
0,42,53600,3,0
0,34,42700,4,0
1,33,44600,2,0
1,25,51900,0,0
0,25,43200,3,0
0,33,39000,4,0
1,52,44100,1,2
1,33,25800,2,0
1,36,39400,4,0
0,35,34300,2,0
1,30,52600,2,0
1,28,54000,1,0
1,25,62200,2,0
0,27,35600,4,0
0,30,48800,2,0
1,18,53400,3,0
1,21,34400,1,0
0,26,44300,1,0
1,37,33500,0,0
0,38,28100,0,0
0,25,33000,0,0
0,28,33200,1,0
0,33,41000,1,0
0,31,30800,3,0
1,35,39400,1,0
1,20,39800,1,0
1,33,61000,2,0
0,36,51100,2,0
1,22,39500,2,0
0,38,35800,1,0
0,42,33400,2,0
1,59,51700,2,4
0,21,41900,0,0
0,31,40100,0,0
1,28,22700,1,0
0,22,35400,1,0
0,27,42900,3,0
0,28,54200,1,0
1,22,40500,2,0
0,44,18900,2,1
0,23,37000,2,0
0,37,49200,0,0
1,25,42500,0,0
1,32,47500,1,0
1,23,17900,2,0
0,23,57500,3,0
0,44,50200,1,1
1,41,38700,2,0
1,43,38500,1,1
0,20,35900,1,0
1,41,32300,0,0
0,31,16000,2,0
0,54,46200,0,2
0,35,22700,2,0
0,41,24100,5,0
0,38,46500,1,0
1,47,38200,2,1
0,21,40600,0,0
1,37,23700,1,0
1,24,41100,1,0
0,30,45500,2,0
0,37,43400,0,0
0,25,31600,0,0
1,26,45700,1,0
0,30,36600,1,0
0,18,27900,1,0
1,25,24700,2,0
1,32,40200,2,0
1,28,33600,1,0
1,26,36600,2,0
1,33,26900,0,0
1,32,42400,3,0
1,30,29300,2,0
0,49,25900,1,2
1,35,41700,1,0
1,31,30800,0,0
0,46,24500,1,1
1,41,79000,2,0
1,26,46800,2,0
1,34,37500,1,0
1,37,42800,3,0
0,23,44600,2,0
1,36,33600,1,0
1,26,37400,1,0
1,20,41200,0,0
0,24,28100,3,0
1,35,43100,2,0
0,39,30600,1,0
1,29,27200,3,0
1,34,46000,0,0
0,19,38600,0,0
0,25,45900,1,0
1,31,39500,1,0
1,40,58200,0,0
1,27,34800,4,0
1,19,51200,0,0
1,35,51900,1,0
1,42,51500,1,1
1,28,35600,3,0
0,21,41200,0,0
0,41,48500,1,0
0,27,41500,0,0
0,34,41500,1,0
1,18,38500,1,0
1,18,33400,2,0
0,28,30200,1,0
0,18,29000,0,0
0,36,37600,1,0
1,47,18700,1,1
0,25,22300,4,0
1,24,44300,2,0
0,35,43400,1,0
0,24,52700,1,0
1,25,52600,1,0
0,37,43200,2,0
1,26,44500,1,0
1,27,30500,2,0
0,41,53000,2,0
0,27,49900,1,0
0,24,34800,0,0
1,30,40800,0,0
0,45,22900,1,1
1,36,40000,0,0
1,40,43100,1,0
1,23,50400,1,0
0,25,52800,2,0
1,24,39300,1,0
1,31,46600,0,0
0,31,36900,0,0
1,29,50400,1,0
0,32,46600,1,0
0,26,40700,1,0
1,35,32400,3,0
0,21,43600,2,0
1,38,52000,1,0
0,19,39600,0,0
1,24,47000,1,0
1,30,28200,0,0
1,18,27000,1,0
0,37,45000,4,0
1,19,37600,2,0
1,21,39100,3,0
0,19,35000,6,0
0,20,44300,3,0
1,33,50900,3,0
0,28,36900,0,0
0,27,48200,1,0
1,46,11200,2,1
1,34,44600,2,0
1,39,56400,2,0
0,34,71600,2,0
1,31,32800,0,0
0,26,22800,1,0
1,46,46700,2,1
0,21,36800,1,0
0,36,29700,2,0
1,37,31100,1,0
1,42,42200,0,1
1,24,36500,3,0
1,22,32500,1,0
1,36,47600,0,0
1,44,31300,0,1
1,27,20400,4,0
1,29,36000,1,0
0,38,39000,3,0
1,41,43200,0,0
1,55,37700,1,3
0,20,44200,1,0
0,34,26100,0,0
0,27,31200,2,0
0,25,46800,1,0
1,43,46500,1,1
1,22,38800,4,0
1,30,41300,1,0
1,23,32200,5,0
0,42,34900,2,0
1,30,33200,3,0
0,29,31600,0,0
1,20,46600,1,0
0,27,44300,4,0
1,33,48000,1,0
1,50,52200,0,2
1,22,41800,0,0
1,24,33100,2,0
1,21,41500,0,0
1,45,50000,0,1
1,21,24300,1,0
1,41,47100,1,0
0,28,61300,3,0
1,50,70500,0,2
1,49,42600,0,2
1,43,36200,1,1
1,18,42000,1,0
0,34,53900,0,0
0,42,23000,2,0
1,19,42300,0,0
1,28,43300,3,0
0,22,38900,1,0
0,26,31100,3,0
0,32,11200,2,0
0,27,36400,1,0
0,29,47100,0,0
0,35,23300,1,0
1,38,31600,1,0
0,27,47800,0,0
0,47,47000,4,1
0,18,46200,1,0
0,19,32100,1,0
1,29,41800,1,0
1,47,34200,1,1
1,31,47400,1,0
1,28,42000,1,0
1,30,25000,1,0
0,42,38300,2,0
0,25,48100,0,0
1,28,28400,1,0
0,21,42100,3,0
0,31,33900,0,0
0,22,32400,2,0
0,48,41200,2,1
1,28,67100,1,0
1,33,38400,3,0
1,38,51900,3,0
1,27,45900,1,0
1,36,36200,0,0
0,33,52600,2,0
0,24,37600,2,0
1,22,45000,4,0
0,41,42100,1,0
0,25,46900,3,0
0,41,44200,2,0
1,38,31100,1,0
0,24,33900,2,0
1,25,49000,2,0
0,40,46700,0,0
0,47,32900,2,1
1,29,57900,1,0
0,20,41900,2,0
1,43,44600,3,1
0,34,32300,2,0
1,19,59000,1,0
1,19,41600,1,0
1,31,45000,1,0
1,20,51300,0,0
0,31,33400,1,0
1,44,50400,0,1
0,38,49600,0,0
0,38,43300,2,0
0,19,35200,2,0
1,23,21800,0,0
1,25,54900,0,0
1,19,55700,0,0
0,33,33100,0,0
1,47,54200,3,1
0,31,18600,1,0
0,30,25900,0,0
1,36,41000,2,0
1,30,40700,1,0
0,47,29600,1,1
1,30,45000,3,0
0,32,42900,1,0
1,27,30900,0,0
0,40,38800,0,0
1,23,13500,1,0
0,21,53000,3,0
0,26,40000,2,0
1,24,34800,1,0
0,37,19300,2,0
0,39,58500,0,0
1,25,37300,0,0
1,37,46100,1,0
1,31,33600,2,0
0,37,30700,3,0
1,44,35000,0,1
0,23,45100,3,0
0,27,28500,0,0
0,30,24800,1,0
1,25,46100,1,0
1,50,43300,1,2
0,29,33800,0,0
1,23,27100,1,0
1,52,30600,1,2
1,23,34000,1,0
1,39,44200,1,0
0,35,26100,2,0
0,30,25800,0,0
0,44,46700,1,1
0,33,50000,2,0
0,22,32700,4,0
1,22,45300,0,0
0,19,41400,0,0
0,24,42300,0,0
1,24,27100,2,0
0,42,46000,0,1
0,22,16700,0,0
1,22,43900,1,0
0,19,47200,2,0
0,42,58500,1,1
0,25,43400,0,0
1,19,45900,2,0
0,48,25700,1,1
0,33,23300,1,0
0,24,53400,1,0
1,26,35800,0,0
1,31,44200,0,0
0,39,46500,1,0
1,22,15700,0,0
1,56,22700,2,3
0,24,43600,1,0
1,22,46500,1,0
0,24,43900,2,0
0,35,43600,1,0
0,35,34400,1,0
1,31,44400,3,0
0,28,22700,4,0
1,42,54000,2,0
1,25,50500,0,0
1,35,52400,1,0
0,35,31800,1,0
0,42,32100,0,1
0,23,49300,1,0
1,22,65100,4,0
1,26,23700,0,0
1,44,48800,1,1
1,34,45700,1,0
0,23,27600,0,0
0,34,27200,0,0
1,35,33000,0,0
1,20,28000,1,0
1,32,25200,1,0
0,43,46000,3,1
1,24,47900,0,0
0,24,38800,1,0
1,26,51100,1,0
1,27,40600,1,0
1,36,41300,0,0
0,24,52900,0,0
1,19,45700,1,0
1,43,38300,1,1
1,38,49100,3,0
0,19,52600,2,0
0,29,49900,2,0
1,22,60000,0,0
1,36,28400,1,0
1,24,32400,2,0
0,35,37100,0,0
1,29,48500,3,0
1,50,44200,2,2
1,19,38600,1,0
0,20,43700,1,0
1,23,33700,1,0
1,51,42400,0,2
1,24,45600,3,0
0,27,38000,0,0
1,32,28000,1,0
0,28,39900,0,0
1,39,30900,1,0
0,31,54200,2,0
1,42,52900,1,1
0,19,29500,1,0
0,24,30300,2,0
0,19,36700,0,0
1,28,40200,3,0
0,47,17400,4,1
0,29,22500,1,0
1,28,55600,2,0
1,34,31100,2,0
0,31,37000,1,0
1,41,38300,2,0
0,38,47600,3,0
0,28,48200,0,0
0,28,47100,3,0
1,39,26500,0,0
0,39,51500,0,0
0,25,37200,1,0
1,31,42800,1,0
0,29,43200,0,0
0,29,34000,2,0
0,46,34700,1,1
0,22,50100,4,0
1,33,40600,3,0
0,30,46500,2,0
0,24,40900,1,0
1,20,45100,2,0
1,48,63400,1,1
0,29,40900,0,0
0,25,49600,0,0
1,28,30100,1,0
0,44,44700,3,1
1,27,32300,0,0
1,32,44400,0,0
1,41,32600,1,0
0,40,47300,1,0
0,35,25700,1,0
1,36,37400,2,0
1,30,35800,1,0
1,36,40600,3,0
0,31,36000,1,0
0,26,39300,3,0
0,40,44900,1,0
0,46,32800,2,1
1,36,55900,0,0
0,37,39200,0,0
0,25,61900,1,0
1,32,27900,1,0
1,18,43100,0,0
0,27,52500,4,0
0,23,43900,1,0
0,30,33700,1,0
1,22,29900,2,0
0,24,52700,1,0
0,42,32800,1,1
1,26,42300,2,0
1,27,34700,1,0
1,23,28200,1,0
0,33,38000,0,0
0,21,63400,1,0
1,35,42300,0,0
0,23,45400,3,0
1,33,29800,0,0
1,29,23400,3,0
0,36,33600,1,0
1,43,50300,0,1
0,19,55000,0,0
0,44,65200,2,1
0,43,34300,2,1
0,44,43000,1,1
1,29,33200,0,0
0,30,29900,1,0
1,43,30400,2,1
0,35,29600,2,0
1,42,47300,0,1
1,24,27300,2,0
1,36,33700,3,0
1,39,32800,5,0
1,29,62600,0,0
1,24,32700,1,0
1,25,40500,2,0
0,26,52000,0,0
1,27,41900,1,0
1,31,42600,2,0
1,20,57700,0,0
0,41,39800,1,0
1,33,39800,0,0
1,21,50000,2,0
0,28,39300,0,0
0,27,29700,2,0
1,19,48500,2,0
0,19,43700,1,0
1,33,38500,1,0
0,20,28700,1,0
0,23,34600,1,0
1,24,46200,3,0
0,37,31400,2,0
1,26,45300,3,0
1,30,52300,0,0
1,37,33800,0,0
0,35,28800,0,0
1,40,47400,1,0
0,21,41000,1,0
0,22,37900,0,0
1,19,41800,2,0
0,26,52900,2,0
1,24,43200,1,0
1,35,51500,3,0
0,32,43600,0,0
0,29,51300,3,0
1,23,27400,4,0
0,50,45900,1,2
0,20,31500,4,0
1,28,39800,2,0
1,25,60400,0,0
0,36,38500,0,0
0,26,39900,0,0
0,34,41000,0,0
1,33,38800,1,0
1,19,45000,1,0
0,25,41600,1,0
0,32,42200,0,0
0,41,42400,0,0
0,20,21800,2,0
0,22,33900,1,0
0,23,53600,2,0
0,38,27400,2,0
0,26,40200,0,0
1,19,25800,3,0
1,32,36600,1,0
1,28,25100,0,0
0,31,49900,1,0
0,42,30600,0,1
1,30,17000,1,0
1,22,41400,1,0
0,25,36700,1,0
0,44,37200,1,1
1,34,36200,1,0
0,34,14100,1,0
1,59,29600,0,4
1,35,46200,1,0
0,45,59800,0,1
1,49,56400,3,1
0,21,44300,2,0
0,44,28900,0,1
0,23,31300,0,0
1,27,41100,1,0
0,28,44700,3,0
1,37,34000,2,0
1,28,27700,1,0
1,36,40500,3,0
0,27,32600,1,0
1,33,49600,0,0
1,39,37800,1,0
1,37,52000,1,0
0,24,60500,0,0
0,31,34500,1,0
0,39,47000,0,0
1,30,41500,1,0
1,29,50800,0,0
1,40,39700,3,0
1,24,51800,0,0
1,31,37100,1,0
1,41,35000,1,0
1,23,50400,0,0
0,34,43200,1,0
1,28,58300,0,0
0,41,35100,1,0
1,33,41100,1,0
0,37,48600,1,0
1,35,16500,0,0
1,38,37700,2,0
0,23,51000,0,0
1,41,53000,0,0
0,33,47300,1,0
0,38,46000,0,0
1,30,43000,0,0
1,23,49600,0,0
1,39,40900,2,0
1,34,42800,3,0
1,29,46400,0,0
1,24,40600,3,0
0,34,32700,0,0
0,26,56700,0,0
0,54,32800,2,2
1,39,40900,1,0
0,37,43500,3,0
0,21,21400,0,0
0,37,41500,3,0
1,35,42500,0,0
0,19,20100,2,0
0,23,45900,0,0
0,34,35500,2,0
1,33,40100,0,0
1,18,46700,2,0
0,29,40400,2,0
1,31,57100,2,0
0,40,63800,0,0
1,32,46100,1,0
1,34,46600,0,0
0,21,52300,1,0
1,28,43800,2,0
1,35,38100,1,0
1,19,58300,0,0
0,42,32900,1,1
1,24,32000,1,0
1,21,38700,2,0
0,31,50600,0,0
1,26,26500,2,0
0,28,42500,0,0
1,37,38500,0,0
0,37,51400,0,0
0,29,42900,4,0
1,26,42200,1,0
1,31,50700,2,0
1,36,47900,1,0
0,35,44100,0,0
1,21,15100,1,0
0,22,46500,0,0
0,27,28700,1,0
0,18,41400,2,0
0,39,33200,2,0
1,28,33400,1,0
0,23,24100,0,0
0,35,44000,0,0
0,43,42900,2,1
1,33,54000,3,0
0,22,32900,3,0
0,32,34300,1,0
0,29,36400,0,0
1,27,41000,1,0
1,29,39600,0,0
1,19,18700,2,0
0,22,36700,2,0
1,25,26400,0,0
1,28,70000,2,0
1,26,61500,2,0
1,33,35900,0,0
0,34,33600,2,0
1,46,39400,2,1
1,36,42000,2,0
1,20,42200,1,0
1,23,38400,1,0
1,18,22000,1,0
0,22,23300,2,0
1,26,45600,3,0
0,32,42100,0,0
0,33,50200,4,0
0,21,52700,2,0
0,23,50600,5,0
0,21,51800,1,0
1,30,38800,0,0
0,19,44500,0,0
0,46,32700,2,1
1,35,36000,2,0
0,46,38300,0,1
1,21,36300,0,0
0,23,43700,1,0
0,41,35700,0,0
0,35,41900,1,0
0,36,21700,2,0
0,33,60200,0,0
0,25,22000,1,0
1,23,50400,0,0
0,23,50100,2,0
0,33,35200,3,0
0,46,41000,2,1
1,21,46800,0,0
1,23,40500,1,0
0,34,43000,0,0
1,19,41900,0,0
0,32,53400,1,0
1,23,42000,1,0
1,23,33600,2,0
1,28,45300,0,0
1,42,34400,3,0
1,18,38900,1,0
1,33,20300,2,0
1,36,32000,2,0
0,33,17800,3,0
0,36,32900,4,0
1,36,50700,1,0
0,26,45500,0,0
1,37,30700,1,0
0,35,47700,0,0
1,33,57900,3,0
0,24,33900,0,0
1,38,50200,2,0
1,28,30900,1,0
1,37,32700,2,0
1,21,55400,0,0
1,42,42600,1,1
0,45,30100,0,1
0,32,32000,0,0
0,27,39700,1,0
1,26,46200,2,0
0,24,58600,0,0
1,49,43200,1,2
1,29,43700,1,0
1,29,32900,2,0
1,37,34200,1,0
1,39,20600,1,0
1,35,41600,1,0
0,44,37400,0,1
0,24,42100,3,0
1,31,19600,2,0
0,40,47700,0,0
1,26,28100,2,0
1,46,48000,0,1
0,29,29800,1,0
1,39,61500,2,0
0,37,40900,2,0
0,37,37300,2,0
1,35,21100,2,0
1,31,38500,0,0
0,33,27500,3,0
1,40,42700,0,0
1,22,44900,1,0
0,33,45100,0,0
0,28,41200,0,0
0,32,31200,1,0
1,43,34600,1,1
0,36,34100,2,0
1,36,38600,1,0
0,22,46800,2,0
1,21,44100,0,0
0,31,57300,0,0
0,28,27100,2,0
0,24,34900,0,0
1,31,35000,1,0
0,27,18800,1,0
1,32,23100,1,0
1,36,22300,2,0
0,32,38000,0,0
1,25,42900,2,0
1,45,53200,2,1
0,36,52700,3,0
0,39,40700,0,0
1,22,49600,1,0
0,23,37500,0,0
1,32,65900,0,0
0,32,31800,1,0
1,18,38200,2,0
0,35,31800,0,0
0,35,38100,1,0
1,26,15200,2,0
0,22,42200,2,0
1,38,50700,1,0
0,36,55400,2,0
0,26,48400,3,0
0,22,18800,2,0
0,28,36400,4,0
1,19,33900,1,0
1,25,48900,0,0
1,20,46600,3,0
0,36,36600,1,0
0,18,18900,1,0
1,45,35700,0,1
0,48,28200,0,1
0,21,41700,2,0
0,37,47700,1,0
1,36,40200,0,0
0,25,23700,0,0
0,39,39400,1,0
1,19,30800,0,0
1,36,49600,0,0
0,24,27200,0,0
1,21,38600,1,0
1,24,48400,0,0
1,25,28200,0,0
0,29,42900,1,0
1,32,63500,3,0
1,61,39600,1,4
1,25,30200,1,0
1,33,39000,3,0
0,30,32000,0,0
0,23,38600,2,0
0,19,40400,0,0
1,34,44700,3,0
1,39,32000,1,0
1,44,50000,2,1
1,35,40200,1,0
1,46,49200,0,1
0,20,41500,2,0
0,25,49800,2,0
0,40,38000,0,0
0,33,26900,2,0
1,30,43700,2,0
1,41,48900,0,0
1,30,40200,1,0
1,29,13200,3,0
0,38,40400,0,0
0,41,37300,2,0
0,36,38200,3,0
0,31,13200,1,0
1,32,42900,1,0
0,37,31600,0,0
1,25,42600,0,0
1,27,30000,1,0
1,28,25400,0,0
1,36,53000,1,0
0,35,29300,2,0
0,29,42400,0,0
1,23,32200,1,0
1,26,31000,0,0
0,25,46800,2,0
0,19,50800,2,0
1,20,45800,0,0
1,39,48300,2,0
0,20,40800,2,0
1,20,35500,0,0
0,49,34600,2,1
0,24,49000,0,0
0,25,42200,0,0
1,26,45000,1,0
1,33,39400,0,0
0,32,24700,1,0
1,38,28400,0,0
1,22,35600,1,0
0,40,34700,2,0
0,43,43900,0,1
0,34,42800,1,0
1,43,33900,3,1
1,32,48200,3,0
0,41,40700,2,0
1,36,34400,0,0
0,28,41500,1,0
0,41,21800,1,0
1,36,40600,1,0
1,24,40600,1,0
1,19,32400,1,0
1,23,40200,2,0
0,25,41600,2,0
0,22,32400,2,0
1,18,23100,0,0
1,26,49300,1,0
1,44,53000,1,1
1,40,41000,1,0
0,27,29400,1,0
1,35,48200,1,0
1,25,37100,2,0
0,22,44800,2,0
1,32,41600,1,0
0,24,36300,0,0
1,30,36100,1,0
0,26,55600,0,0
1,30,39200,1,0
0,34,40600,0,0
1,27,29100,1,0
1,37,29800,0,0
1,33,39100,3,0
1,21,38500,0,0
1,30,14400,2,0
1,24,35300,0,0
1,19,48900,2,0
0,31,48400,0,0
0,19,33800,0,0
0,29,32100,1,0
1,24,49700,1,0
1,25,55500,1,0
1,28,44400,3,0
1,50,41100,1,2
0,25,18700,2,0
1,41,56500,0,0
0,26,36000,0,0
1,19,43000,0,0
0,33,18900,1,0
1,20,48400,0,0
1,25,23100,0,0
1,28,50800,0,0
1,29,37200,1,0
1,27,50600,2,0
0,19,35000,1,0
1,22,28700,1,0
0,21,51600,1,0
0,56,49900,1,3
0,30,55900,2,0
1,35,38700,1,0
0,26,44600,2,0
1,34,43800,3,0
1,18,31000,0,0
0,34,47600,0,0
1,36,52200,1,0
0,22,48200,2,0
0,62,14100,0,4
0,31,47900,3,0
1,35,34900,1,0
1,22,42700,1,0
1,40,34800,2,0
1,39,35500,0,0
1,32,36500,2,0
1,29,36100,1,0
1,35,45200,2,0
1,44,45800,1,1
0,33,68900,1,0
1,29,25900,1,0
1,44,49600,2,1
0,41,39400,1,0
1,43,34700,0,1
0,29,30000,0,0
1,19,45900,0,0
1,28,39200,1,0
1,45,46600,2,1
1,23,22600,0,0
1,25,36600,2,0
1,26,29800,0,0
1,36,35000,1,0
0,18,30100,1,0
1,29,48100,2,0
0,31,43000,0,0
1,32,53700,2,0
0,30,33400,0,0
1,38,46600,0,0
0,23,41600,0,0
0,39,20900,1,0
0,31,52300,2,0
1,35,38400,1,0
0,32,48700,2,0
1,19,31700,1,0
0,42,56300,1,1
1,19,34800,0,0
0,38,56900,3,0
1,43,47600,1,1
0,42,36500,1,1
1,35,40000,2,0
0,30,29600,0,0
1,36,45900,1,0
0,41,21800,3,0
1,32,34500,0,0
1,41,43400,2,0
1,24,52400,0,0
0,25,25800,1,0
0,22,39800,1,0
1,22,48600,1,0
1,20,25600,0,0
1,23,35800,3,0
1,34,36700,3,0
1,27,44300,1,0
0,19,35400,2,0
1,43,39600,2,1
0,19,47300,2,0
0,34,39300,2,0
1,23,46900,0,0
0,40,55300,2,0
0,26,47900,0,0
0,42,33700,2,0
1,21,45800,0,0
0,36,26700,2,0
1,32,35700,2,0
1,40,37400,2,0
0,29,63400,1,0
0,37,38400,0,0
0,19,40100,3,0
1,22,47000,4,0
0,19,41800,0,0
0,42,53500,3,0
1,27,34600,0,0
1,19,40900,2,0
0,21,43200,3,0
1,34,27400,2,0
1,20,38600,2,0
0,27,42500,1,0
1,30,55500,2,0
0,24,36500,2,0
1,23,42800,0,0
0,33,32400,0,0
0,30,31800,1,0
1,22,40600,0,0
1,19,46100,2,0
0,22,48600,1,0
0,20,37200,2,0
0,43,50900,1,1
0,45,37700,3,1
0,32,39400,0,0
0,35,43500,2,0
1,30,37400,0,0
0,23,25500,1,0
0,40,56300,1,0
1,33,41800,0,0
1,32,51100,0,0
0,37,38500,0,0
0,35,41600,4,0
1,22,26600,1,0
1,32,51500,2,0
0,35,56400,1,0
0,35,51300,2,0
1,40,30500,1,0
1,28,44200,0,0
0,22,50800,2,0
1,21,34100,0,0
0,20,41500,2,0
1,36,36200,1,0
0,20,38400,4,0
1,25,34000,1,0
1,19,35600,2,0
1,43,34200,3,1
0,33,36700,0,0
1,33,29300,0,0
1,24,41300,0,0
0,19,36800,0,0
0,45,37400,0,1
1,44,28300,0,1
0,38,38700,1,0
1,41,30900,1,0
0,26,56300,0,0
1,38,48000,1,0
0,28,40300,0,0
1,50,46700,0,2
1,40,34200,0,0
0,40,22200,2,0
1,28,37400,2,0
1,32,26800,3,0
0,27,55200,2,0
0,39,19300,0,0
1,31,25600,0,0
0,41,37700,0,0
0,34,44900,0,0
0,26,43300,2,0
0,25,41400,3,0
1,19,38300,1,0
0,25,26700,0,0
0,28,40800,0,0
0,29,42800,1,0
0,38,36800,2,0
1,35,12200,1,0
1,26,42500,0,0
0,19,52700,1,0
0,46,37700,1,1
1,27,50400,2,0
1,40,6000,1,0
0,40,36500,1,0
0,34,54400,3,0
1,27,40700,1,0
1,22,34500,2,0
0,27,43900,1,0
1,23,31400,1,0
1,47,43900,2,1
1,32,53200,0,0
0,34,38600,1,0
1,38,40700,1,0
0,25,42100,2,0
0,39,35800,1,0
1,27,29900,1,0
1,37,54200,2,0
0,35,27900,0,0
1,37,35800,1,0
1,39,30100,2,0
0,27,32200,2,0
0,32,37200,2,0
0,28,57700,1,0
0,36,43700,0,0
1,25,50600,1,0
0,20,48400,0,0
0,32,41900,2,0
1,31,28400,1,0
1,52,48000,3,2
1,30,40300,0,0
0,22,55700,0,0
0,26,38700,0,0
1,26,39100,2,0
1,47,28000,2,1
0,24,33800,0,0
1,49,34200,3,1
0,36,28900,0,0
0,54,23500,1,2
0,21,38300,1,0
1,26,35300,1,0
0,38,31400,1,0
0,29,25200,0,0
0,35,41400,1,0
0,24,37800,3,0
1,28,45100,0,0
1,18,21200,0,0
1,42,43100,0,1
0,21,24900,4,0
0,30,45500,0,0
0,29,40800,3,0
0,25,47800,1,0
1,23,38800,0,0
1,21,35000,2,0
1,24,48100,2,0
0,30,60400,1,0
0,18,40000,0,0
0,41,54800,1,0
1,36,43500,1,0
1,36,28800,1,0
1,39,52400,0,0
1,27,27800,1,0
1,39,40300,1,0
0,34,46000,1,0
1,43,57000,1,1
1,23,37700,2,0
0,18,49400,1,0
1,19,52300,2,0
0,33,34300,0,0
0,32,25600,1,0
0,51,28300,0,2
0,25,30700,1,0
1,29,56500,1,0
0,29,38900,1,0
1,28,50900,1,0
0,20,43000,1,0
0,46,26500,0,1
0,28,46800,0,0
0,36,31500,2,0
0,27,37100,1,0
1,24,35300,1,0
1,39,28200,1,0
0,39,50200,1,0
0,29,52000,2,0
0,22,47700,1,0
0,19,45100,2,0
0,29,41400,1,0
1,38,39700,1,0
0,27,36100,3,0
1,20,41100,3,0
0,18,25500,2,0
1,45,50800,1,1
0,20,32000,2,0
0,33,25200,2,0
1,24,55600,1,0
1,19,52100,0,0
0,34,46400,0,0
0,41,51700,3,0
1,40,39300,0,0
0,37,37900,2,0
0,34,29800,1,0
1,45,30200,3,1
0,46,57800,0,1
1,42,52600,0,1
0,25,43200,0,0
0,32,50400,1,0
1,26,41000,0,0
0,31,46800,0,0
1,19,57400,0,0
0,29,52700,1,0
0,20,35700,1,0
0,47,33000,4,1
0,39,47700,0,0
1,21,45400,1,0
0,26,41700,0,0
0,24,49200,1,0
0,25,37100,3,0
1,19,37300,2,0
1,40,51900,0,0
1,30,27100,0,0
0,42,27700,3,0
1,33,39300,1,0
0,35,42400,1,0
1,25,40600,1,0
0,21,38000,0,0
0,27,27500,1,0
1,24,37000,2,0
0,45,53600,1,1
0,38,44500,0,0
0,19,39300,1,0
0,25,44500,0,0
1,33,43600,2,0
0,21,34900,0,0
0,28,46500,1,0
0,47,38900,2,1
1,36,25500,1,0
1,34,41100,0,0
0,43,37300,1,1
0,22,25000,3,0
1,38,59200,0,0
1,35,34900,1,0
0,32,41000,1,0
1,26,36900,4,0
0,35,39100,0,0
1,41,46500,1,0
0,21,37200,0,0
1,38,43800,4,0
1,45,48900,2,1
1,33,45000,0,0
0,49,38100,2,1
1,21,35800,2,0
1,27,54700,1,0
0,18,36300,0,0
1,23,44500,1,0
0,42,40800,0,1
0,36,44300,2,0
1,29,29100,1,0
1,22,29000,2,0
0,41,47000,2,0
1,31,35400,0,0
1,30,24100,1,0
1,44,23900,1,1
1,32,47700,1,0
1,28,33100,0,0
0,29,45400,2,0
1,29,36100,4,0
0,39,36600,0,0
1,35,47000,2,0
1,45,37700,1,1
0,34,56600,2,0
0,30,45800,2,0
0,28,49500,3,0
0,36,44900,1,0
1,38,49000,2,0
0,25,45800,2,0
0,25,54200,0,0
0,29,33600,2,0
0,22,30200,1,0
0,44,46400,2,1
1,34,49300,4,0
0,23,23300,3,0
1,19,53100,1,0
1,39,32100,0,0
1,37,38200,0,0
0,23,36400,3,0
1,18,40100,4,0
0,32,21200,1,0
1,37,38600,3,0
0,20,50700,2,0
0,41,29200,2,0
1,25,33400,1,0
0,41,26700,1,0
0,29,60400,0,0
1,33,42500,0,0
0,22,40900,0,0
0,30,31600,1,0
0,23,33100,1,0
0,19,43000,0,0
0,44,25500,0,1
1,27,74800,0,0
1,20,34100,0,0
1,45,39700,2,1
1,26,47000,3,0
1,26,45400,0,0
0,37,46400,1,0
0,30,38100,1,0
0,34,24600,1,0
0,56,50300,2,3
1,20,36400,0,0
1,32,21800,1,0
0,33,40300,0,0
1,39,57700,3,0
0,51,50100,2,2
0,26,43300,1,0
0,27,36900,1,0
1,26,34500,0,0
1,25,37400,1,0
0,46,37100,0,1
1,29,59700,2,0
1,47,58800,1,1
1,20,41300,2,0
0,26,26300,2,0
0,23,34800,3,0
0,23,39100,0,0
1,36,29000,2,0
1,32,30600,1,0
1,28,61500,2,0
1,20,38900,0,0
1,31,42400,0,0
0,34,43800,1,0
0,30,18200,2,0
0,36,35400,1,0
1,19,28200,1,0
0,38,36800,1,0
0,19,62300,3,0
1,40,46800,0,0
0,34,42200,0,0
0,31,36000,0,0
1,21,30500,1,0
0,19,44600,0,0
0,41,17000,1,0
0,38,31700,2,0
1,27,31900,1,0
1,38,35800,2,0
0,29,42600,0,0
1,30,47700,3,0
0,41,10800,1,0
1,24,48000,0,0
0,55,34800,0,3
0,25,16000,0,0
1,22,40500,1,0
1,35,27400,2,0
0,18,53000,0,0
0,27,45300,0,0
1,19,46600,2,0
1,49,19000,0,2
0,39,25700,5,0
1,38,29800,3,0
1,32,18700,0,0
1,33,38800,2,0
1,20,47300,1,0
0,30,24200,2,0
1,27,46300,0,0
0,19,47100,0,0
1,40,39300,0,0
1,25,36300,2,0
1,48,14100,1,1
1,45,31100,0,1
0,37,48500,1,0
0,25,43600,3,0
0,24,47200,2,0
0,50,39000,1,2
0,28,49200,0,0
1,39,37800,2,0
0,18,35200,1,0
0,20,40000,1,0
0,19,43600,1,0
1,36,48700,1,0
0,25,41100,2,0
0,48,36300,0,1
0,24,29000,1,0
1,38,10600,4,0
1,36,36400,2,0
0,21,19900,2,0
0,18,42900,0,0
0,22,36300,0,0
1,20,38800,1,0
0,47,37900,2,1
1,34,28400,0,0
1,24,36700,2,0
0,29,48200,3,0
1,48,45800,1,1
0,19,21400,0,0
1,32,20100,1,0
0,31,41400,1,0
1,34,44800,0,0
0,27,32100,2,0
0,20,60400,1,0
0,18,11000,0,0
1,23,34800,2,0
1,43,29000,1,1
0,29,44800,0,0
1,40,41900,2,0
0,33,30900,1,0
1,26,46200,0,0
0,25,35500,4,0
1,44,20500,1,1
1,48,45800,0,1
1,34,27600,2,0
1,37,42100,0,0
0,25,36800,0,0
0,25,43000,5,0
1,29,41900,2,0
0,41,46000,1,0
1,24,38800,1,0
0,31,43900,1,0
0,45,36300,1,1
1,45,50600,1,1
0,32,33700,0,0
1,40,42800,0,0
1,29,47500,0,0
0,26,47200,2,0
1,29,40700,0,0
1,42,23700,3,0
1,35,47200,2,0
1,18,41900,1,0
0,43,35400,0,1
1,30,35700,0,0
0,46,41400,3,1
0,27,51100,2,0
1,43,46300,1,1
0,30,35100,1,0
0,45,69400,1,1
0,45,33400,1,1
0,35,42900,1,0
0,39,46700,2,0
0,38,35500,2,0
0,19,52800,0,0
1,20,37100,3,0
1,36,58900,1,0
0,23,38800,1,0
1,22,26800,2,0
0,49,36900,0,2
0,21,29300,1,0
1,22,38600,3,0
0,30,34700,1,0
0,22,15000,0,0
0,28,48500,2,0
0,44,36100,0,1
0,26,57100,1,0
0,42,49300,4,0
0,35,75200,0,0
0,46,53400,0,1
1,25,54300,0,0
1,33,40900,0,0
1,28,38100,0,0
0,21,48600,0,0
1,28,36700,0,0
0,28,48400,1,0
0,18,32700,3,0
0,29,46600,1,0
1,22,52500,2,0
0,22,44700,0,0
0,18,36900,1,0
1,34,23900,1,0
0,31,46400,0,0
1,36,45100,0,0
0,22,38300,1,0
1,35,22100,1,0
0,38,45000,1,0
0,28,48800,0,0
0,30,40400,0,0
0,21,55600,4,0
0,34,41500,0,0
1,21,44200,1,0
0,18,46400,1,0
1,22,29800,2,0
1,23,39500,0,0
1,26,50300,0,0
0,42,41600,1,1
1,35,52100,1,0
1,52,40900,4,2
1,25,49800,2,0
1,31,21000,1,0
0,31,47700,1,0
1,36,41600,0,0
1,24,34500,2,0
1,34,40100,2,0
1,19,62500,0,0
0,33,33700,0,0
0,21,46000,1,0
0,27,37200,0,0
1,25,39700,2,0
0,27,40700,1,0
0,51,43000,1,2
0,23,23000,1,0
1,41,54000,4,0
0,37,33200,1,0
0,36,36300,2,0
1,36,33900,2,0
0,29,52000,1,0
0,24,56200,0,0
1,22,60400,1,0
0,20,42200,1,0
0,26,28000,1,0
1,22,46300,0,0
1,31,53400,2,0
0,44,43700,2,1
1,45,30900,3,1
1,32,44500,0,0
0,24,50100,0,0
1,27,43400,1,0
0,31,46700,0,0
1,30,25500,0,0
0,27,34900,1,0
0,38,37600,1,0
1,31,44600,2,0
0,19,40800,0,0
0,36,55500,2,0
1,27,37300,0,0
1,41,38400,1,0
0,23,55100,2,0
0,30,44100,3,0
0,35,57700,0,0
1,19,22900,0,0
0,45,49500,0,1
1,39,34500,1,0
0,43,44300,1,1
1,30,49400,1,0
1,40,39900,1,0
1,18,61800,3,0
0,26,35400,1,0
1,22,62700,1,0
0,39,32500,1,0
0,23,40600,1,0
1,28,35900,0,0
1,40,43300,2,0
0,19,26100,2,0
0,28,54500,2,0
0,36,47800,2,0
1,25,27000,2,0
1,23,35300,1,0
1,39,54600,1,0
1,22,34100,2,0
0,29,46300,1,0
0,42,59100,0,1
0,29,28300,0,0
1,41,32600,0,0
1,37,39400,3,0
1,20,49700,2,0
1,48,32400,5,1
0,33,36400,2,0
0,22,48400,2,0
1,27,46600,0,0
1,28,16300,1,0
0,38,29700,1,0
1,19,45400,0,0
1,18,46200,2,0
1,35,40300,2,0
1,29,41400,4,0
0,22,20800,1,0
0,19,48000,0,0
0,41,7400,0,0
1,21,42100,2,0
0,21,43300,1,0
0,31,64800,1,0
0,35,24800,0,0
1,41,32500,4,0
1,31,29800,0,0
0,19,35600,1,0
0,30,35400,0,0
1,54,38700,0,2
1,25,43300,0,0
0,35,55000,1,0
1,24,30000,1,0
0,33,47800,1,0
0,41,29000,2,0
1,28,29000,1,0
1,26,34600,2,0
0,45,30200,1,1
0,19,54400,1,0
0,27,43900,0,0
0,20,40500,1,0
1,45,43800,1,1
1,33,35400,1,0
1,20,50300,1,0
0,55,34800,2,3
0,27,45300,1,0
1,31,46900,2,0
1,23,42000,0,0
0,28,33300,2,0
1,22,45000,2,0
1,19,41800,0,0
1,32,44600,0,0
0,32,37000,2,0
1,20,39400,2,0
1,23,43400,1,0
0,18,36000,4,0
0,22,18300,1,0
1,31,42700,0,0
0,45,49600,0,1
1,47,32100,1,1
0,37,37800,1,0
0,28,39900,0,0
0,30,45000,1,0
0,25,51500,1,0
0,27,42500,2,0
0,18,25800,0,0
0,46,26900,1,1
0,34,35500,1,0
1,28,30600,1,0
0,26,22600,1,0
1,40,27200,0,0
0,36,43400,1,0
0,26,46800,1,0
1,39,63400,1,0
1,36,34800,2,0
0,18,33300,2,0
0,39,50000,3,0
1,40,37800,2,0
0,52,45600,1,2
0,34,45100,0,0
0,18,47000,0,0
1,48,40600,0,1
1,22,40100,2,0
0,25,34800,1,0
0,38,36400,1,0
1,36,36400,0,0
0,41,39900,0,0
0,31,45900,3,0
0,48,48300,3,1
1,28,38400,3,0
0,29,41700,0,0
0,31,57700,0,0
1,34,26000,2,0
1,38,46800,0,0
0,23,29800,2,0
1,29,45600,1,0
0,27,35800,2,0
1,32,35000,0,0
1,31,38400,0,0
0,33,33700,2,0
0,41,46300,0,0
0,44,34500,1,1
0,24,28000,1,0
1,33,32100,3,0
0,26,36700,2,0
1,45,44200,1,1
0,24,34700,0,0
1,30,37600,6,0
0,25,32400,0,0
1,25,42000,0,0
0,31,33500,1,0
0,24,33700,3,0
1,20,47000,2,0
1,29,44300,1,0
1,30,49600,2,0
0,24,35600,0,0
1,38,26400,4,0
0,31,35400,1,0
1,22,26100,2,0
0,41,47300,2,0
0,31,53300,1,0
1,27,25200,1,0
0,36,19700,0,0
1,19,31700,1,0
1,32,19700,4,0
1,29,23900,0,0
0,22,22500,0,0
0,30,24400,1,0
1,45,49100,0,1
0,39,36200,3,0
1,19,44500,1,0
1,27,35600,1,0
1,46,18700,0,1
1,49,49800,1,2
1,36,57400,0,0
1,24,48500,1,0
0,37,33700,2,0
1,26,47900,1,0
0,42,47400,3,0
0,36,42400,3,0
1,26,20100,2,0
1,26,31200,0,0
0,25,35500,2,0
0,33,65300,5,0
1,46,42000,2,1
1,41,33700,2,0
1,33,49600,2,0
1,25,48700,2,0
1,28,32500,0,0
0,19,34800,1,0
0,39,42500,2,0
0,37,31400,1,0
0,31,40700,0,0
1,34,35700,3,0
1,43,52900,2,1
0,30,58200,2,0
0,27,45800,1,0
0,29,52800,0,0
1,19,61400,2,0
0,33,50300,1,0
1,46,41000,1,1
0,30,31400,2,0
1,46,25900,3,1
0,24,37100,3,0
0,24,32100,1,0
0,33,55800,1,0
1,20,58500,1,0
0,38,49800,0,0
1,52,39200,1,2
1,51,52000,2,2
1,47,45300,0,1
0,31,32800,1,0
1,19,41500,1,0
0,45,35200,1,1
1,18,38500,2,0
0,23,43800,1,0
0,33,27300,1,0
0,33,28500,2,0
1,40,37400,2,0
0,25,40700,0,0
0,34,31100,2,0
0,31,33200,3,0
0,23,38100,2,0
1,19,42700,2,0
0,19,33000,0,0
0,27,49600,1,0
1,24,27400,1,0
0,19,48400,1,0
1,30,35400,4,0
0,30,39500,1,0
1,24,37800,0,0
1,48,40100,4,1
0,30,48600,1,0
1,31,43100,1,0
1,29,36600,2,0
0,29,44100,0,0
0,24,41800,3,0
0,21,27700,1,0
0,51,38100,1,2
1,27,48400,1,0
0,38,53000,3,0
0,37,51600,0,0
0,28,21100,2,0
0,19,30500,1,0
1,37,50500,1,0
0,23,50900,0,0
1,31,46200,6,0
0,36,41700,0,0
0,19,36300,3,0
0,38,33800,0,0
1,20,32000,0,0
1,19,26000,0,0
1,19,32400,0,0
1,40,54200,1,0
0,18,50000,1,0
1,34,35100,1,0
0,33,39200,0,0
0,46,48300,0,1
1,27,55900,0,0
0,20,36200,1,0
1,25,31200,1,0
1,20,46500,0,0
1,23,31500,0,0
0,26,40700,2,0
0,23,28300,2,0
1,34,28900,1,0
1,23,46200,1,0
0,30,40900,1,0
0,34,25200,2,0
1,30,34300,2,0
0,24,32200,1,0
1,53,22000,2,2
0,40,51000,1,0
1,38,43600,1,0
1,33,42300,1,0
1,51,29700,0,2
0,24,35700,1,0
1,31,45700,1,0
0,25,42600,1,0
0,27,38900,0,0
0,20,37100,1,0
0,28,44800,1,0
1,32,34700,1,0
0,24,41400,1,0
0,43,36600,1,1
0,24,51500,0,0
0,30,35800,1,0
0,19,42000,2,0
0,31,39200,0,0
0,40,39900,0,0
0,21,31400,0,0
1,22,30300,1,0
0,27,56100,0,0
1,21,47000,2,0
1,36,43000,4,0
0,32,36300,0,0
1,22,41100,0,0
0,41,56400,1,0
1,31,62200,1,0
0,24,25500,1,0
0,39,38400,2,0
0,19,43300,2,0
0,29,53400,1,0
1,19,20400,2,0
1,24,46700,2,0
0,46,50400,0,1
1,42,50400,1,1
1,31,49200,2,0
1,18,29200,0,0
1,26,41700,2,0
1,34,37100,1,0
0,30,42500,0,0
1,18,36500,3,0
1,18,47200,2,0
0,25,50200,0,0
0,31,58000,2,0
1,21,38100,0,0
1,53,38300,2,2
1,24,41000,1,0
0,38,39600,2,0
0,47,55600,3,1
0,34,40200,0,0
0,25,42800,3,0
1,38,26900,2,0
1,26,51000,0,0
0,18,44800,3,0
1,20,41600,1,0
1,32,46300,1,0
1,32,33000,2,0
1,41,30100,1,0
1,21,57500,1,0
1,33,58400,0,0
1,38,35200,2,0
1,37,49200,1,0
1,20,22100,2,0
1,28,39800,0,0
0,21,59900,1,0
0,21,46400,0,0
1,41,56400,2,0
1,35,38700,1,0
1,18,32800,1,0
1,36,56500,1,0
0,32,20500,0,0
0,45,37100,2,1
1,41,45200,0,0
1,40,33200,1,0
1,42,45600,2,0
0,27,37400,2,0
1,22,32800,2,0
0,23,40900,2,0
1,27,33000,2,0
0,28,44800,2,0
0,19,37700,1,0
1,24,46400,1,0
0,39,39000,1,0
1,18,47500,0,0
1,34,48500,3,0
0,23,51300,1,0
0,26,24700,1,0
1,23,41300,2,0
0,48,58200,0,1
0,30,50700,1,0
1,44,32000,1,1
0,29,49800,0,0
0,37,43500,0,0
0,26,41300,4,0
1,52,33700,1,2
0,19,45200,0,0
0,21,48300,2,0
0,38,45700,2,0
1,29,38900,0,0
1,25,27100,3,0
1,19,32700,0,0
1,30,39100,0,0
1,40,24100,2,0
1,37,55700,1,0
0,28,30400,0,0
1,39,42100,1,0
1,51,26500,3,2
0,31,47300,1,0
1,41,44100,0,0
1,39,39000,0,0
1,21,45800,0,0
1,26,32600,2,0
1,35,36300,0,0
1,37,38000,1,0
1,22,35800,1,0
1,29,42100,4,0
0,34,40700,1,0
0,29,31700,1,0
0,42,61400,3,0
0,20,30900,1,0
1,26,29500,0,0
1,21,40100,1,0
1,27,52300,0,0
0,29,35900,1,0
0,43,34500,4,1
1,34,47800,1,0
1,30,41400,3,0
0,49,32500,1,2
0,35,37400,2,0
1,30,34500,0,0
0,22,40100,1,0
1,26,29200,1,0
1,23,29000,2,0
1,32,34500,1,0
0,21,26400,5,0
1,50,38300,0,2
1,34,41200,1,0
1,25,29000,1,0
0,22,27200,0,0
1,20,38100,1,0
1,35,31100,0,0
0,38,41600,1,0
1,41,39700,0,0
0,35,13400,0,0
1,46,57500,2,1
0,21,39700,1,0
1,26,39800,0,0
1,29,41500,3,0
0,26,47800,2,0
1,49,40400,1,2
1,38,45800,0,0
0,47,38800,1,1
0,28,51300,1,0
0,32,32500,1,0
1,28,40900,1,0
0,22,56800,1,0
0,21,38300,3,0
0,45,54600,0,1
1,32,36000,1,0
1,26,51400,0,0
0,28,35700,2,0
0,34,52400,1,0
0,20,33900,2,0
1,22,32700,3,0
1,28,40600,1,0
